artist,song,e_label,v_label
Britney Spears,Oops!...I Did It Again,2.0,2.0
blink-182,All The Small Things,2.0,2.0
Faith Hill,Breathe,1.0,0.0
Bon Jovi,It's My Life,2.0,1.0
*NSYNC,Bye Bye Bye,2.0,2.0
Sisqo,Thong Song,2.0,2.0
Eminem,The Real Slim Shady,1.0,2.0
Robbie Williams,Rock DJ,2.0,2.0
Destiny's Child,Say My Name,2.0,2.0
Modjo,Lady - Hear Me Tonight,2.0,2.0
Gigi D'Agostino,L'Amour Toujours,2.0,2.0
Eiffel 65,Move Your Body - Gabry Ponte Original Radio Edit,2.0,2.0
Bomfunk MC's,Freestyler,2.0,1.0
Sting,Desert Rose,1.0,0.0
Melanie C,Never Be The Same Again,2.0,1.0
Aaliyah,Try Again,1.0,2.0
Anastacia,I'm Outta Love - Radio Edit,2.0,1.0
Alice Deejay,Better Off Alone,2.0,2.0
Gigi D'Agostino,The Riddle,2.0,2.0
Dr. Dre,The Next Episode,2.0,0.0
Linkin Park,In the End,2.0,1.0
Tom Jones,Sexbomb,2.0,2.0
Sonique,It Feels So Good,2.0,1.0
M.O.P.,Cold as Ice,2.0,2.0
Melanie C,I Turn To You,2.0,0.0
Limp Bizkit,Take A Look Around,2.0,1.0
Darude,Sandstorm,2.0,1.0
Da Brat,What'chu Like (feat. Tyrese),2.0,2.0
Moloko,The Time Is Now,2.0,1.0
Chicane,Don't Give Up,2.0,1.0
DMX,Party Up,2.0,1.0
Debelah Morgan,Dance with Me,2.0,2.0
Madonna,Music,2.0,2.0
Ruff Endz,No More,1.0,2.0
Britney Spears,Born to Make You Happy,2.0,2.0
Montell Jordan,Get It On Tonite,1.0,2.0
Kylie Minogue,Spinning Around,1.0,1.0
JAY-Z,Big Pimpin',2.0,2.0
LeAnn Rimes,I Need You,2.0,1.0
Avant,Separated,1.0,1.0
Enrique Iglesias,Be With You,2.0,1.0
Toni Braxton,He Wasn't Man Enough,2.0,2.0
Bow Wow,Bounce With Me (feat. Xscape) - Edited Album Version,2.0,2.0
Dr. Dre,Forgot About Dre,2.0,1.0
Missy Elliott,Hot Boyz,1.0,1.0
Backstreet Boys,Show Me the Meaning of Being Lonely,1.0,2.0
Samantha Mumba,Gotta Tell You,1.0,2.0
Mýa,Case Of The Ex (Whatcha Gonna Do),2.0,1.0
Mary Mary,Shackles (Praise You),2.0,2.0
Next,Wifey,1.0,2.0
Janet Jackson,Doesn't Really Matter,2.0,2.0
Ricky Martin,She Bangs - English Version,2.0,2.0
Jagged Edge,He Can't Love U,2.0,1.0
Sisqo,Incomplete,1.0,0.0
JAY-Z,I Just Wanna Love U (Give It 2 Me),2.0,2.0
Mariah Carey,Thank God I Found You (feat. Joe & 98°),1.0,0.0
Baha Men,Who Let The Dogs Out,2.0,2.0
Donell Jones,"U Know What's Up (feat. Lisa ""Left Eye"" Lopes)",1.0,2.0
LeAnn Rimes,Can't Fight The Moonlight,2.0,1.0
Oasis,Go Let It Out,2.0,1.0
DJ Ötzi,Hey Baby (Radio Mix),2.0,2.0
P!nk,Most Girls,2.0,2.0
Mariah Carey,Against All Odds (Take A Look at Me Now) (feat. Westlife),1.0,1.0
Craig David,Fill Me In,2.0,2.0
Christina Aguilera,I Turn to You,1.0,0.0
Madonna,American Pie,2.0,1.0
Red Hot Chili Peppers,Otherside,2.0,1.0
Sammie,I Like It,1.0,2.0
Craig David,7 Days,2.0,2.0
Santana,Maria Maria (feat. The Product G&B),1.0,2.0
Kandi,Don't Think I'm Not,1.0,1.0
P!nk,There You Go,2.0,2.0
Vengaboys,Shalala Lala,2.0,2.0
Ronan Keating,Life Is A Rollercoaster,2.0,2.0
Madison Avenue,Don't Call Me Baby,2.0,2.0
Destiny's Child,"Jumpin', Jumpin'",2.0,2.0
Céline Dion,That's the Way It Is,2.0,1.0
3 Doors Down,Kryptonite,2.0,1.0
Carl Thomas,I Wish,1.0,0.0
Mystikal,Shake Ya Ass,1.0,1.0
Fuel,Hemorrhage (In My Hands),2.0,0.0
Donell Jones,Where I Wanna Be,1.0,1.0
Savage Garden,Crash and Burn,1.0,0.0
Westlife,My Love,1.0,0.0
All Saints,Pure Shores,1.0,1.0
Destiny's Child,"Independent Women, Pt. 1",1.0,2.0
*NSYNC,It's Gonna Be Me,2.0,2.0
Erykah Badu,Bag Lady,1.0,1.0
Marc Anthony,You Sang To Me,2.0,2.0
Matchbox Twenty,Bent,2.0,1.0
Gabrielle,Rise,1.0,1.0
Backstreet Boys,Shape of My Heart,2.0,1.0
Creed,With Arms Wide Open,1.0,0.0
The Corrs,Breathless,2.0,2.0
Joe,I Wanna Know,1.0,1.0
Wheatus,Teenage Dirtbag,2.0,1.0
Christina Aguilera,Come on over Baby (All I Want Is You) - Radio Version,2.0,2.0
Creed,Higher,2.0,1.0
Britney Spears,Lucky,2.0,2.0
Nelly,Country Grammar (Hot Shit),1.0,1.0
Shaggy,It Wasn't Me,1.0,1.0
Destiny's Child,Survivor,2.0,1.0
Eminem,Stan,2.0,1.0
Kylie Minogue,Can't Get You out of My Head,1.0,2.0
Christina Aguilera,"Lady Marmalade - From ""Moulin Rouge"" Soundtrack",2.0,1.0
Nelly Furtado,I'm Like A Bird,1.0,1.0
Shakira,"Whenever, Wherever",2.0,2.0
Jimmy Eat World,The Middle,2.0,2.0
Train,Drops of Jupiter (Tell Me),1.0,1.0
Geri Halliwell,It's Raining Men,2.0,1.0
Blu Cantrell,Hit 'Em Up Style (Oops!),2.0,2.0
Britney Spears,I'm a Slave 4 U,2.0,2.0
Kylie Minogue,In Your Eyes,2.0,2.0
Missy Elliott,One Minute Man (feat. Ludacris),2.0,1.0
Mary J. Blige,Family Affair,1.0,2.0
Faithless,We Come 1 - Radio Edit,2.0,1.0
Limp Bizkit,Rollin' (Air Raid Vehicle),2.0,2.0
Lasgo,Something,2.0,1.0
iio,Rapture (feat.Nadia Ali),2.0,1.0
Emma Bunton,What Took You So Long?,2.0,2.0
112,It's Over Now,2.0,0.0
Blue,All Rise,2.0,2.0
Jessica Simpson,Irresistible,2.0,2.0
Crazy Town,Butterfly,2.0,1.0
Michael Jackson,You Rock My World,2.0,2.0
Eve,Let Me Blow Ya Mind,1.0,2.0
Jennifer Lopez,Ain't It Funny,2.0,1.0
Brandy,Another Day in Paradise - R&B-Version,2.0,1.0
Nickelback,How You Remind Me,2.0,1.0
Daft Punk,One More Time,2.0,1.0
Outkast,Ms. Jackson,2.0,1.0
Fragma,Everytime You Need Me - Radio Version,2.0,2.0
Mariah Carey,Loverboy,2.0,2.0
Dido,Thank You,1.0,2.0
Joe,Stutter (feat. Mystikal) - Double Take Remix,2.0,2.0
P.O.D.,Youth of the Nation,2.0,1.0
Jennifer Lopez,Play,2.0,2.0
Missy Elliott,Get Ur Freak On,2.0,2.0
Ricky Martin,Nobody Wants to Be Lonely (with Christina Aguilera),2.0,1.0
Christina Milian,AM To PM,2.0,2.0
Roger Sanchez,Another Chance,2.0,1.0
Gorillaz,Clint Eastwood,2.0,1.0
2Pac,Until The End Of Time,2.0,1.0
Tamia,Stranger in My House,1.0,0.0
Mary J. Blige,No More Drama,2.0,1.0
Jennifer Lopez,Love Don't Cost a Thing,2.0,2.0
Jamiroquai,Little L,2.0,2.0
Case,Missing You,1.0,2.0
112,Peaches & Cream,1.0,2.0
Five,Let's Dance - Radio Edit,2.0,1.0
Rui Da Silva,Touch Me (Radio Edit) [feat. Cassandra],2.0,2.0
Alien Ant Farm,Smooth Criminal,2.0,2.0
Erick Sermon,Music (feat. Marvin Gaye),1.0,2.0
D12,Purple Pills,1.0,2.0
Usher,Pop Ya Collar - Radio Edit,2.0,2.0
Madonna,Don't Tell Me,1.0,2.0
Blue,If You Come Back,2.0,2.0
Atomic Kitten,Eternal Flame - Single Version,1.0,1.0
Jagged Edge,Where the Party At (feat. Nelly),1.0,2.0
Afroman,Because I Got High,1.0,2.0
S Club 7,Don't Stop Movin',2.0,2.0
Craig David,Fill Me In,2.0,2.0
Nelly Furtado,Turn Off The Light,2.0,1.0
The Supermen Lovers,Starlight - Radio Edit,2.0,2.0
Mis-Teeq,All I Want - Sunship Radio Edit,2.0,2.0
Jagged Edge,Promise,1.0,1.0
S Club 7,Have You Ever,2.0,1.0
Enya,Only Time,0.0,0.0
Faith Hill,There You'll Be,1.0,0.0
Ronan Keating,Lovin' Each Day,2.0,2.0
Destiny's Child,Bootylicious,2.0,1.0
Steps,It's the Way You Make Me Feel,1.0,1.0
Sunshine Anderson,Heard It All Before,2.0,2.0
Lenny Kravitz,Again,2.0,2.0
Daniel Bedingfield,Gotta Get Thru This - D'N'D Radio Edit,2.0,2.0
DB Boulevard,Point Of View - Radio Edit,2.0,0.0
Janet Jackson,All For You,2.0,2.0
Atomic Kitten,Whole Again,2.0,1.0
Ja Rule,Livin' It Up,2.0,1.0
Destiny's Child,"Independent Women, Pt. 1",1.0,2.0
DJ Pied Piper & The Masters Of Ceremonies,Do You Really Like It? - Radio Edit,2.0,2.0
Jennifer Lopez,I'm Real (feat. Ja Rule) - Murder Remix,1.0,1.0
Musiq Soulchild,Love,1.0,1.0
So Solid Crew,21 Seconds,1.0,2.0
Robbie Williams,Eternity,0.0,0.0
Basement Jaxx,Romeo,2.0,2.0
Ludacris,Southern Hospitality (Featuring Pharrell),2.0,1.0
Gabrielle,Rise,1.0,1.0
Nelly,Ride Wit Me,2.0,2.0
Trick Daddy,I'm a Thug,1.0,1.0
Travis,Sing,2.0,0.0
JAY-Z,Izzo (H.O.V.A.),2.0,2.0
Gabrielle,Out Of Reach,1.0,1.0
OPM,Heaven Is a Halfpipe (If I Die),2.0,2.0
K-Ci & JoJo,Crazy,1.0,1.0
Staind,It's Been Awhile,2.0,0.0
3LW,No More (Baby I'ma Do Right),2.0,2.0
Ginuwine,Differences,1.0,1.0
*NSYNC,Gone,1.0,1.0
Lifehouse,Hanging By A Moment,2.0,1.0
Nelly,Dilemma,1.0,1.0
Eminem,Without Me,2.0,1.0
Avril Lavigne,Complicated,2.0,1.0
Vanessa Carlton,A Thousand Miles,2.0,0.0
The Calling,Wherever You Will Go,2.0,1.0
Shakira,Underneath Your Clothes,1.0,1.0
No Doubt,Underneath It All,2.0,2.0
Truth Hurts,Addictive,2.0,1.0
Busta Rhymes,I Know What You Want (feat. Flipmode Squad),2.0,1.0
Eminem,'Till I Collapse,2.0,0.0
Diddy,"I Need a Girl (Pt. 2) [feat. Loon, Ginuwine & Mario Winans]",1.0,2.0
Christina Milian,When You Look At Me - Radio Edit,2.0,2.0
Madonna,Die Another Day,2.0,1.0
Jennifer Lopez,I'm Gonna Be Alright (feat. Nas),2.0,2.0
Angie Martinez,If I Could Go! (feat. Lil' Mo & Sacario),1.0,2.0
Linkin Park,In the End,2.0,1.0
Las Ketchup,The Ketchup Song (Aserejé) - Spanglish Version,2.0,2.0
Aaliyah,Rock The Boat,2.0,1.0
Holly Valance,Kiss Kiss,2.0,1.0
Sugababes,Round Round,2.0,2.0
Marilyn Manson,Tainted Love,2.0,1.0
Brandy,What About Us?,2.0,2.0
Chad Kroeger,Hero (feat. Josey Scott),2.0,0.0
Britney Spears,Overprotected - Radio Edit,2.0,2.0
Scooter,The Logical Song,2.0,1.0
Missy Elliott,4 My People (feat. Eve),2.0,2.0
Aaliyah,More Than A Woman,1.0,2.0
Brandy,Full Moon,1.0,1.0
Blue,One Love,2.0,2.0
Busta Rhymes,Pass The Courvoisier Part II (feat. P. Diddy & Pharrell) - Remix,2.0,1.0
Céline Dion,A New Day Has Come - Radio Remix,2.0,0.0
Scooter,Nessaja,2.0,0.0
Eve,Gangsta Lovin',2.0,2.0
Disturbing Tha Peace,Move Bitch,2.0,0.0
Khia,"My Neck, My Back (Lick It)",1.0,2.0
Tweet,Oops (Oh My) [feat. Missy Elliott],1.0,2.0
Kylie Minogue,Spinning Around,1.0,1.0
Nelly,Hot In Herre,2.0,2.0
Gareth Gates,Anyone of Us (Stupid Mistake),2.0,1.0
Christina Aguilera,Dirrty (feat. Redman),2.0,1.0
B2K,Uh Huh,2.0,2.0
Sugababes,Freak Like Me,2.0,1.0
Dirty Vegas,Days Go By,2.0,0.0
Fat Joe,What's Luv? (feat. Ja-Rule & Ashanti),2.0,2.0
Liberty X,Just A Little,1.0,2.0
No Doubt,Hella Good,1.0,2.0
LL Cool J,Luv U Better,2.0,2.0
Red Hot Chili Peppers,Can't Stop,2.0,2.0
Musiq Soulchild,Halfcrazy,2.0,1.0
Sean Paul,Gimme the Light,2.0,2.0
Faith Evans,I Love You,2.0,1.0
Charli Baltimore,Down 4 U,1.0,1.0
Kylie Minogue,Love at First Sight,2.0,1.0
N.O.R.E.,Nothin',2.0,2.0
Gareth Gates,Unchained Melody,1.0,0.0
Diddy,I Need a Girl (Pt. 1) [feat. Usher & Loon],2.0,2.0
Big Brovaz,Nu Flow,2.0,2.0
No Doubt,Hey Baby,2.0,2.0
Ashanti,Baby,1.0,1.0
Sophie Ellis-Bextor,Murder On The Dancefloor,2.0,2.0
Justin Timberlake,Like I Love You,2.0,2.0
Mary J. Blige,Rainy Dayz,2.0,1.0
A1,Caught in the Middle,2.0,1.0
Eminem,Cleanin' Out My Closet,2.0,2.0
Ashanti,Happy,1.0,2.0
Delta Goodrem,Born to Try,1.0,1.0
P!nk,Get the Party Started,2.0,2.0
Alicia Keys,A Woman's Worth,1.0,1.0
Daniel Bedingfield,Gotta Get Thru This - D'N'D Radio Edit,2.0,2.0
Coldplay,Clocks,2.0,0.0
Missy Elliott,Work It,2.0,1.0
Ronan Keating,If Tomorrow Never Comes,1.0,0.0
Big Tymers,Still Fly,1.0,1.0
Creed,My Sacrifice,2.0,0.0
Ja Rule,Always On Time,2.0,2.0
Ashanti,Foolish,2.0,2.0
Avril Lavigne,Sk8er Boi,2.0,1.0
DJ Sammy,Heaven,2.0,1.0
Britney Spears,"I'm Not a Girl, Not Yet a Woman",1.0,1.0
Cam’ron,Oh Boy,2.0,2.0
Red Hot Chili Peppers,By the Way,2.0,0.0
Elvis Presley,A Little Less Conversation - JXL Radio Edit Remix,2.0,2.0
Atomic Kitten,The Tide Is High - Radio Mix,1.0,1.0
*NSYNC,Girlfriend,2.0,2.0
Robbie Williams,Somethin' Stupid,1.0,2.0
Alanis Morissette,Hands Clean,2.0,1.0
Usher,U Don't Have to Call,1.0,2.0
Creed,One Last Breath - Radio Version,2.0,0.0
The Goo Goo Dolls,Here Is Gone,2.0,0.0
Puddle Of Mudd,She Hates Me,2.0,1.0
Ludacris,Rollout (My Business),2.0,2.0
Blazin' Squad,Crossroads - Radio Edit,2.0,1.0
Default,Wasting My Time,2.0,0.0
Michelle Branch,All You Wanted,2.0,1.0
Daniel Bedingfield,If You're Not The One,1.0,0.0
Enrique Iglesias,Escape,2.0,2.0
Puddle Of Mudd,Blurry,2.0,1.0
Coldplay,In My Place,1.0,0.0
Outkast,The Whole World (feat. Killer Mike),2.0,2.0
P!nk,Don't Let Me Get Me - Radio Edit,2.0,1.0
50 Cent,In Da Club,2.0,2.0
Sean Paul,Get Busy,2.0,2.0
Eminem,"Lose Yourself - From ""8 Mile"" Soundtrack",2.0,0.0
Beyoncé,Crazy In Love (feat. Jay-Z),2.0,2.0
Counting Crows,Big Yellow Taxi,2.0,2.0
Black Eyed Peas,Where Is The Love?,2.0,2.0
Jennifer Lopez,Jenny from the Block (feat. Jadakiss & Styles P.) - Track Masters Remix,2.0,2.0
Black Eyed Peas,Shut Up,2.0,1.0
t.A.T.u.,All The Things She Said,2.0,1.0
Benny Benassi,Satisfaction (Isak Original Extended) - Benny Benassi Presents The Biz,2.0,1.0
Busta Rhymes,I Know What You Want (feat. Flipmode Squad),2.0,1.0
Panjabi MC,Mundian to Bach Ke,2.0,2.0
Mis-Teeq,Scandalous - U.S. Radio Edit,2.0,1.0
JAY-Z,03' Bonnie & Clyde,2.0,0.0
50 Cent,P.I.M.P.,2.0,2.0
Jamelia,Superstar,1.0,2.0
Linkin Park,Faint,2.0,1.0
DMX,X Gon' Give It To Ya,2.0,2.0
Evanescence,Bring Me To Life,2.0,0.0
Sugababes,Hole In The Head,2.0,2.0
Craig David,Rise & Fall (feat. Sting),1.0,2.0
Three Days Grace,I Hate Everything About You,2.0,1.0
Lil Jon & The East Side Boyz,Get Low,1.0,0.0
B2K,"Bump, Bump, Bump (feat. P. Diddy)",2.0,2.0
Baby Bash,Suga Suga,2.0,1.0
Aaliyah,Miss You - Main,1.0,1.0
Britney Spears,Me Against the Music (feat. Madonna) - LP Version / Video Mix,2.0,2.0
Blue,Sorry Seems To Be The Hardest Word,1.0,1.0
Delta Goodrem,Lost Without You,2.0,1.0
Justin Timberlake,Rock Your Body,2.0,2.0
The White Stripes,Seven Nation Army,1.0,0.0
Youngbloodz,Damn! (feat. Lil' Jon) - Club Mix,2.0,1.0
Beyoncé,Baby Boy (feat. Sean Paul),1.0,2.0
Lil' Kim,Magic Stick,1.0,1.0
Christina Aguilera,Can't Hold Us Down (feat. Lil' Kim),1.0,1.0
Nickelback,Someday,2.0,1.0
Blue,U Make Me Wanna - Radio Edit,2.0,2.0
Ashanti,Rain On Me,2.0,1.0
Trapt,Headstrong,2.0,1.0
Simply Red,Sunrise,2.0,2.0
Lumidee,"Never Leave You (Uh Oooh, Uh Oooh)",1.0,2.0
Girls Aloud,Sound Of The Underground,2.0,2.0
Nelly,Shake Ya Tailfeather (feat. P. Diddy & Murphy Lee) - 2016 Remaster,2.0,2.0
Room 5,Make Luv,2.0,1.0
Fatman Scoop,Be Faithful,2.0,1.0
Limp Bizkit,Behind Blue Eyes,1.0,0.0
Sugababes,Too Lost In You,2.0,1.0
50 Cent,"Wanksta - From ""8 Mile"" Soundtrack",2.0,2.0
Pharrell Williams,Frontin' (feat. Jay-Z) - Club Mix,1.0,2.0
Chingy,Right Thurr,2.0,2.0
Eminem,Sing For The Moment,2.0,0.0
Lil' Kim,The Jump Off (feat. Mr. Cheeks) - Remix,2.0,2.0
Mýa,My Love Is Like...Wo - Main Mix,2.0,2.0
50 Cent,21 Questions,2.0,2.0
Nelly,Air Force Ones,1.0,1.0
Missy Elliott,Gossip Folks (feat. Ludacris),1.0,1.0
Girls Aloud,Jump,2.0,2.0
Ultrabeat,Pretty Green Eyes - Radio Edit,2.0,1.0
Christina Aguilera,Fighter,2.0,1.0
Frankie J,Don't Wanna Try,1.0,0.0
Snoop Dogg,Beautiful,2.0,2.0
Floetry,Say Yes,1.0,1.0
Ginuwine,In Those Jeans,1.0,0.0
Electric Six,Danger! High Voltage - Soulchild Radio Mix,2.0,1.0
Rachel Stevens,Sweet Dreams My LA Ex - Radio Edit,2.0,2.0
Ludacris,Stand Up,2.0,2.0
Nas,I Can,2.0,2.0
3 Doors Down,When I'm Gone,2.0,1.0
Tyrese,How You Gonna Act Like That,1.0,1.0
Justin Timberlake,Cry Me a River,1.0,1.0
Westlife,Mandy,1.0,1.0
No Doubt,It's My Life,2.0,2.0
Amanda Perez,Angel,1.0,1.0
JAY-Z,Excuse Me Miss,2.0,2.0
Coldplay,Clocks,2.0,0.0
Kelly Rowland,Stole,2.0,1.0
Missy Elliott,Work It,2.0,1.0
Ashanti,Rock Wit U (Awww Baby),2.0,2.0
Junior Senior,Move Your Feet,2.0,2.0
Audioslave,Like a Stone,1.0,1.0
Sean Paul,Like Glue,2.0,1.0
Jaheim,Put That Woman First,1.0,1.0
Jennifer Lopez,All I Have (feat. LL Cool J),2.0,1.0
Monica,So Gone,1.0,1.0
Dido,White Flag,1.0,0.0
The Roots,The Seed (2.0),2.0,2.0
Chingy,Holidae In,2.0,2.0
Fabolous,Can't Let You Go (feat. Mike Shorey & Lil' Mo),1.0,2.0
Kelly Clarkson,Miss Independent,1.0,1.0
Ja Rule,Mesmerize,1.0,1.0
Matchbox Twenty,Unwell,2.0,1.0
Outkast,The Way You Move (feat. Sleepy Brown),1.0,1.0
Fabolous,Into You (feat. Tamia),1.0,1.0
Switchfoot,Meant to Live,2.0,1.0
Daniel Bedingfield,If You're Not The One,1.0,0.0
Good Charlotte,Lifestyles of the Rich & Famous,2.0,1.0
Wayne Wonder,No Letting Go,2.0,0.0
The Strokes,Reptilia,1.0,2.0
Avril Lavigne,I'm with You,1.0,0.0
Will Young,Leave Right Now,1.0,1.0
Usher,Yeah! (feat. Lil Jon & Ludacris),2.0,1.0
Maroon 5,This Love,2.0,2.0
Britney Spears,Toxic,2.0,2.0
Outkast,Hey Ya!,2.0,2.0
Hoobastank,The Reason,2.0,0.0
Anastacia,Left Outside Alone,2.0,0.0
Daddy Yankee,Gasolina,2.0,2.0
Black Eyed Peas,Let's Get It Started - Spike Mix,2.0,2.0
O-Zone,Dragostea Din Tei,2.0,2.0
Terror Squad,Lean Back,2.0,2.0
Anastacia,Sick and Tired,2.0,1.0
Gwen Stefani,What You Waiting For?,2.0,2.0
Ashanti,Only U - No Intro,1.0,0.0
The Rasmus,In the Shadows,2.0,2.0
Houston,I Like That,1.0,1.0
Beyoncé,Naughty Girl,1.0,1.0
Linkin Park,Numb,2.0,0.0
Lloyd Banks,On Fire,2.0,1.0
Akon,Locked Up,1.0,1.0
D12,My Band,2.0,2.0
Jay Sean,Eyes On You - Radio Mix,2.0,1.0
Mario Winans,I Don't Wanna Know (feat. Enya & P. Diddy) - 2016 Remaster,1.0,1.0
Destiny's Child,Lose My Breath,2.0,1.0
Eric Prydz,Call on Me - Radio Mix,2.0,1.0
Ciara,Goodies (feat. Petey Pablo),1.0,2.0
Kelis,Trick Me,2.0,2.0
LL Cool J,Headsprung,2.0,1.0
Spiderbait,Black Betty - Edit,2.0,1.0
George Michael,Amazing,2.0,2.0
Britney Spears,My Prerogative,2.0,1.0
Nina Sky,Move Ya Body,2.0,2.0
Baby Bash,Suga Suga,2.0,1.0
Petey Pablo,Freek-A-Leek,2.0,1.0
JAY-Z,Dirt Off Your Shoulder,1.0,1.0
Juanes,La Camisa Negra,2.0,2.0
Avril Lavigne,Nobody's Home,2.0,0.0
Robbie Williams,Radio,2.0,2.0
Black Eyed Peas,Hey Mama,2.0,2.0
Ying Yang Twins,Salt Shaker,2.0,0.0
Enrique Iglesias,Not In Love - Radio Mix,2.0,2.0
Kelis,Milkshake,2.0,2.0
Linkin Park,Breaking the Habit,2.0,1.0
JoJo,Leave (Get Out) - Radio Edit,1.0,1.0
Christina Milian,Dip It Low,2.0,1.0
Avant,Read Your Mind,1.0,2.0
Eminem,Just Lose It,1.0,2.0
Sugababes,Too Lost In You,2.0,1.0
Snoop Dogg,Drop It Like It's Hot,1.0,2.0
Sean Paul,I'm Still in Love with You (feat. Sasha),1.0,2.0
The Shapeshifters,Lola's Theme - Radio Edit,2.0,1.0
D12,How Come,2.0,1.0
Basement Jaxx,Good Luck,2.0,0.0
Kevin Lyttle,Turn Me On,2.0,2.0
Chingy,One Call Away,2.0,2.0
T.I.,Bring Em Out,2.0,1.0
DJ Casper,Cha Cha Slide - Hardino Mix,2.0,2.0
Kylie Minogue,I Believe in You,2.0,1.0
Twista,Overnight Celebrity,2.0,2.0
N.E.R.D,She Wants To Move,2.0,2.0
Britney Spears,Everytime,0.0,0.0
U2,Vertigo,2.0,1.0
Franz Ferdinand,Take Me Out,1.0,1.0
J-Kwon,Tipsy - Club Mix,2.0,1.0
G-Unit,Wanna Get To Know You,2.0,2.0
Lil' Flip,Sunshine (feat. Lea),1.0,2.0
Kanye West,Jesus Walks,2.0,2.0
Evanescence,My Immortal,0.0,0.0
Nelly,My Place,1.0,1.0
Lemar,If There's Any Justice,1.0,1.0
No Doubt,It's My Life,2.0,2.0
Avril Lavigne,Don't Tell Me,2.0,1.0
Twista,Slow Jamz,2.0,1.0
Green Day,American Idiot,2.0,2.0
Kelis,Millionaire,2.0,2.0
Scissor Sisters,Comfortably Numb,2.0,2.0
Alicia Keys,Diary (feat. Tony! Toni! Tone! & Jermaine Paul),1.0,0.0
Kanye West,Through The Wire,2.0,1.0
Special D.,Come With Me - Radio Edit,2.0,1.0
Ludacris,Splash Waterfalls,2.0,2.0
Avril Lavigne,My Happy Ending,2.0,2.0
Dido,White Flag,1.0,0.0
Eamon,Fuck It (I Don't Want You Back),1.0,1.0
Beyoncé,"Me, Myself and I",1.0,1.0
3 Doors Down,Here Without You,1.0,0.0
Kanye West,All Falls Down,2.0,1.0
Twista,Sunshine (feat. Anthony Hamilton),2.0,2.0
Katie Melua,The Closest Thing to Crazy,0.0,0.0
Usher,My Boo,1.0,2.0
Lloyd,Southside,1.0,1.0
LMC,Take Me To The Clouds Above - LMC Vs. U2 / Radio Edit,2.0,2.0
The Streets,Fit but You Know It,2.0,2.0
JUVENILE,Slow Motion,2.0,2.0
Outkast,The Way You Move (feat. Sleepy Brown),1.0,1.0
Girls Aloud,Love Machine,2.0,2.0
Jessica Simpson,With You,2.0,1.0
Eminem,Like Toy Soldiers,2.0,1.0
Gary Jules,Mad World (Feat. Michael Andrews),0.0,0.0
Ashlee Simpson,Pieces Of Me,2.0,2.0
Will Young,Leave Right Now,1.0,1.0
Alicia Keys,You Don't Know My Name,1.0,0.0
Mariah Carey,We Belong Together,1.0,2.0
Mario,Let Me Love You,1.0,1.0
Kanye West,Gold Digger,2.0,1.0
Rihanna,Pon de Replay,1.0,1.0
50 Cent,Candy Shop,1.0,2.0
James Blunt,You're Beautiful,1.0,1.0
Green Day,Boulevard of Broken Dreams,2.0,1.0
The Pussycat Dolls,Don't Cha,1.0,1.0
Daniel Powter,Bad Day,2.0,1.0
Akon,Bananza (Belly Dancer),2.0,1.0
Madonna,Hung Up,1.0,1.0
50 Cent,Just A Lil Bit,2.0,1.0
Crazy Frog,Axel F,2.0,2.0
Eminem,Ass Like That,2.0,2.0
Sean Paul,We Be Burnin',2.0,2.0
Gwen Stefani,Rich Girl,2.0,2.0
The Chemical Brothers,Galvanize,2.0,1.0
Fort Minor,Remember the Name (feat. Styles of Beyond),2.0,2.0
50 Cent,Disco Inferno,1.0,2.0
The Game,How We Do,1.0,1.0
Chris Brown,Run It! (feat. Juelz Santana),1.0,0.0
Mariah Carey,It's Like That,1.0,2.0
Black Eyed Peas,My Humps,2.0,1.0
Ciara,Oh (feat. Ludacris),1.0,1.0
50 Cent,Outta Control - Remix,1.0,1.0
Baby Bash,"Baby, I'm Back",1.0,2.0
Jennifer Lopez,Get Right,2.0,1.0
JAY-Z,Numb / Encore,2.0,2.0
The Game,Hate It Or Love It,2.0,1.0
Gorillaz,Feel Good Inc.,2.0,2.0
Black Eyed Peas,Don't Phunk With My Heart,2.0,1.0
Akon,Lonely,1.0,1.0
Bodyrockers,I Like The Way - Radio Edit,2.0,2.0
Sugababes,Push The Button,1.0,2.0
Jeezy,Soul Survivor,1.0,0.0
Eminem,Mockingbird,2.0,0.0
Shakira,La Tortura (feat. Alejandro Sanz),2.0,2.0
Gorillaz,DARE,2.0,2.0
Snoop Dogg,Signs,2.0,1.0
Robbie Williams,Tripping,2.0,2.0
David Banner,Play,1.0,1.0
Trillville,Some Cut,1.0,1.0
D4L,Laffy Taffy,1.0,1.0
Missy Elliott,Lose Control (feat. Ciara & Fat Man Scoop),2.0,2.0
Rob Thomas,Lonely No More,2.0,2.0
Brian McFadden,Almost Here,1.0,0.0
Bobby V.,"Slow Down - 12"" Version",2.0,1.0
Backstreet Boys,Incomplete,1.0,0.0
Pretty Ricky,Grind With Me,1.0,0.0
Kanye West,Diamonds From Sierra Leone - Remix,2.0,1.0
Snoop Dogg,Drop It Like It's Hot,1.0,2.0
Fat Joe,Get It Poppin' (feat. Nelly) - Radio Version,1.0,1.0
Destiny's Child,Soldier (feat. T.I. & Lil' Wayne),1.0,2.0
Ciara,"1, 2 Step (feat. Missy Elliott) - Main",1.0,2.0
Amerie,1 Thing,2.0,2.0
Ludacris,Get Back,1.0,0.0
Franz Ferdinand,Do You Want To,2.0,2.0
Natalie Imbruglia,Shiver,2.0,0.0
Gwen Stefani,Hollaback Girl,2.0,2.0
Pretty Ricky,Your Body,1.0,1.0
Thirty Seconds To Mars,The Kill,2.0,0.0
Alicia Keys,Karma,2.0,2.0
2Pac,Ghetto Gospel,1.0,1.0
Craig David,Don't Love You No More (I'm Sorry),1.0,1.0
Katie Melua,Nine Million Bicycles,0.0,1.0
Lil Jon & The East Side Boyz,Lovers And Friends,1.0,1.0
Mariah Carey,Don't Forget About Us - Radio Edit,1.0,1.0
Ying Yang Twins,Wait (The Whisper Song),1.0,1.0
Will Smith,Switch,2.0,1.0
Bow Wow,Like You (feat. Ciara),1.0,1.0
Kaiser Chiefs,Everyday I Love You Less And Less,2.0,1.0
Kelly Clarkson,Behind These Hazel Eyes,2.0,1.0
Black Eyed Peas,Don't Lie,2.0,1.0
Westlife,You Raise Me Up,1.0,0.0
Ray J,One Wish,1.0,1.0
Papa Roach,Scars,2.0,1.0
Arctic Monkeys,I Bet You Look Good On The Dancefloor,2.0,2.0
Shayne Ward,That's My Goal,1.0,0.0
Bow Wow,Let Me Hold You (feat. Omarion),1.0,1.0
Kaiser Chiefs,I Predict A Riot,2.0,1.0
Usher,Caught Up,2.0,2.0
Kelly Clarkson,Because of You,1.0,0.0
3 Doors Down,Let Me Go,2.0,1.0
Nickelback,Photograph,2.0,1.0
T-Pain,I'm Sprung,0.0,0.0
Destiny's Child,Cater 2 U,1.0,1.0
The Pussycat Dolls,Stickwitu,1.0,1.0
Ryan Cabrera,True,1.0,1.0
Stereophonics,Dakota,2.0,0.0
Eminem,Like Toy Soldiers,2.0,1.0
Nelly,Over And Over,1.0,1.0
Coldplay,Speed of Sound,2.0,1.0
KT Tunstall,Suddenly I See,2.0,1.0
Destiny's Child,Girl,2.0,1.0
Kelly Clarkson,Since U Been Gone,2.0,1.0
U2,Sometimes You Can't Make It On Your Own,1.0,1.0
The All-American Rejects,Dirty Little Secret,2.0,1.0
Toby Keith,As Good As I Once Was,2.0,1.0
Gwen Stefani,Cool,2.0,2.0
Foo Fighters,Best of You,2.0,1.0
Shakira,Hips Don't Lie (feat. Wyclef Jean),2.0,2.0
Sean Paul,Temperature,1.0,2.0
Justin Timberlake,SexyBack (feat. Timbaland),1.0,2.0
Beyoncé,Irreplaceable,2.0,1.0
Amy Winehouse,Rehab,1.0,2.0
Rihanna,SOS,2.0,1.0
Gnarls Barkley,Crazy,1.0,1.0
Busta Rhymes,Touch It,1.0,1.0
Nelly Furtado,Maneater,2.0,2.0
Bob Sinclar,Rock This Party - Everybody Dance Now,2.0,2.0
Diddy,Come to Me (feat. Nicole Scherzinger),1.0,1.0
Madonna,Sorry,2.0,1.0
Chamillionaire,Ridin',2.0,2.0
Black Eyed Peas,Pump It,2.0,2.0
Nelly Furtado,Promiscuous,2.0,2.0
Fedde Le Grand,Put Your Hands Up for Detroit - Radio Edit,2.0,1.0
Sean Paul,(When You Gonna) Give It Up to Me (feat. Keyshia Cole) - Radio Version,2.0,2.0
The Pussycat Dolls,Buttons,2.0,1.0
Ciara,Get Up (feat. Chamillionaire),1.0,1.0
Eminem,Shake That,1.0,1.0
Cherish,Do It To It,2.0,2.0
Muse,Supermassive Black Hole,2.0,2.0
Chris Brown,Gimme That,1.0,1.0
Infernal,From Paris to Berlin,2.0,2.0
Cassie,Me & U,1.0,2.0
E-40,U and Dat (feat. T. Pain & Kandi Girl),1.0,0.0
The Pussycat Dolls,Beep,2.0,1.0
Lil Jon,Snap Yo Fingers,2.0,1.0
Armand Van Helden,My My My - Radio Edit,2.0,2.0
The Notorious B.I.G.,"Nasty Girl (feat. Diddy, Nelly, Jagged Edge & Avery Storm) - 2005 Remaster",1.0,1.0
Yung Joc,It's Goin' Down (feat. Nitti),1.0,1.0
Shayne Ward,No Promises,1.0,0.0
Justin Timberlake,My Love (feat. T.I.),2.0,2.0
Nickelback,Savin' Me,2.0,1.0
Nelly,Grillz,1.0,2.0
Take That,Patience,2.0,1.0
Fergie,London Bridge,1.0,1.0
Cascada,Everytime We Touch - Radio Edit,2.0,1.0
D4L,Laffy Taffy,1.0,1.0
LL Cool J,Control Myself,2.0,1.0
Beyoncé,Deja Vu (feat. Jay-Z),2.0,1.0
P!nk,Stupid Girls,2.0,1.0
Eminem,When I'm Gone,2.0,2.0
Kelis,Bossy,1.0,2.0
Bob Sinclar,Love Generation - Radio Edit,2.0,1.0
Meck,Thunder in My Heart Again (Radio Edit),2.0,2.0
Mary J. Blige,Be Without You - Kendu Mix,2.0,2.0
Girls Aloud,Something Kinda Ooooh,2.0,2.0
Rihanna,Unfaithful,1.0,1.0
Kanye West,Touch The Sky,2.0,1.0
Dem Franchize Boyz,"Lean Wit It, Rock Wit It",1.0,1.0
Evanescence,Call Me When You're Sober,2.0,0.0
Chingy,Pullin' Me Back,1.0,1.0
Nickelback,Far Away,2.0,0.0
Fall Out Boy,"Dance, Dance",2.0,1.0
Leona Lewis,A Moment Like This,1.0,0.0
T.I.,What You Know,2.0,0.0
Ludacris,Money Maker,1.0,1.0
Nick Lachey,What's Left Of Me,2.0,0.0
Jibbs,Chain Hang Low,1.0,2.0
Arctic Monkeys,When The Sun Goes Down,2.0,1.0
Rascal Flatts,Life is a Highway,2.0,1.0
Beyoncé,Check On It (feat. Slim Thug),2.0,2.0
Keyshia Cole,Love,1.0,0.0
Lily Allen,Smile,1.0,2.0
Ne-Yo,Sexy Love,1.0,1.0
JoJo,Too Little Too Late,2.0,2.0
Mary J. Blige,One,2.0,0.0
Bubba Sparxxx,Ms. New Booty,1.0,1.0
Amy Winehouse,You Know I'm No Good,2.0,2.0
Rascal Flatts,What Hurts The Most,2.0,0.0
Red Hot Chili Peppers,Dani California,2.0,2.0
Scissor Sisters,I Don't Feel Like Dancin',2.0,2.0
Ne-Yo,So Sick,1.0,1.0
Hinder,Lips Of An Angel,2.0,0.0
The Raconteurs,"Steady, As She Goes",1.0,1.0
The Fratellis,Chelsea Dagger,2.0,1.0
Fort Minor,Where'd You Go (feat. Holly Brook & Jonah Matranga),2.0,0.0
The Pussycat Dolls,Stickwitu,1.0,1.0
Panic! At The Disco,I Write Sins Not Tragedies,2.0,2.0
James Blunt,Goodbye My Lover,0.0,0.0
Christina Aguilera,Ain't No Other Man,2.0,1.0
Westlife,The Rose,0.0,0.0
Keane,Is It Any Wonder?,2.0,2.0
Orson,No Tomorrow,1.0,2.0
T-Pain,I'm N Luv (Wit a Stripper) (feat. Mike Jones),1.0,1.0
KT Tunstall,Black Horse And The Cherry Tree,2.0,2.0
Natasha Bedingfield,Unwritten,2.0,1.0
Razorlight,America,1.0,0.0
James Morrison,You Give Me Something,2.0,1.0
Snow Patrol,You're All I Have,2.0,1.0
The Fray,How to Save a Life,2.0,1.0
Sandi Thom,I Wish I Was a Punk Rocker (with Flowers in My Hair),1.0,2.0
My Chemical Romance,Welcome to the Black Parade,2.0,0.0
Razorlight,In The Morning,2.0,2.0
The All-American Rejects,Dirty Little Secret,2.0,1.0
James Morrison,Wonderful World,2.0,1.0
Chris Brown,Yo (Excuse Me Miss),1.0,1.0
P!nk,Who Knew,2.0,1.0
The Kooks,Naive,2.0,2.0
Leona Lewis,Bleeding Love,1.0,0.0
Rihanna,Umbrella,2.0,1.0
Britney Spears,Gimme More,2.0,1.0
Fergie,Big Girls Don't Cry (Personal),1.0,0.0
Mark Ronson,Valerie (feat. Amy Winehouse) - Version Revisited,2.0,2.0
Plain White T's,Hey There Delilah,0.0,0.0
Justin Timberlake,What Goes Around.../...Comes Around (Interlude),2.0,1.0
Gwen Stefani,The Sweet Escape,2.0,2.0
Timbaland,The Way I Are,2.0,2.0
Nelly Furtado,Say It Right,2.0,2.0
Ida Corr,Let Me Think About It,2.0,2.0
Alex Gaudino,Destination Calabria - Radio Edit,2.0,0.0
September,Cry for You,2.0,2.0
Akon,Smack That,2.0,2.0
Timbaland,Give It To Me,2.0,2.0
50 Cent,Ayo Technology,2.0,1.0
Eric Prydz,Proper Education - Radio Edit,2.0,0.0
Fedde Le Grand,Put Your Hands Up For Detroit - Radio Edit,2.0,1.0
Ciara,Like a Boy,2.0,1.0
Kanye West,Stronger,2.0,1.0
Beyoncé,Beautiful Liar,2.0,1.0
Gym Class Heroes,Cupid's Chokehold / Breakfast in America - Radio Mix,2.0,2.0
Akon,I Wanna Love You,1.0,1.0
Soulja Boy,Crank That (Soulja Boy),2.0,2.0
Fat Joe,Make It Rain,2.0,2.0
P!nk,U + Ur Hand,2.0,2.0
Rihanna,Shut Up And Drive,2.0,2.0
Lloyd,Get It Shawty,2.0,2.0
Kanye West,Can't Tell Me Nothing,1.0,0.0
Camille Jones,The Creeps - Fedde Le Grand Radio Mix,2.0,2.0
Linkin Park,What I've Done,2.0,0.0
Keyshia Cole,Last Night,2.0,2.0
Chris Brown,Kiss Kiss (feat. T-Pain),1.0,1.0
Shop Boyz,Party Like A Rock Star,2.0,2.0
Finger Eleven,Paralyzer,2.0,2.0
Justin Timberlake,Summer Love,1.0,1.0
MiMS,This Is Why I'm Hot,1.0,1.0
Fabolous,Make Me Better,1.0,1.0
Seether,Fake It,2.0,1.0
Take That,Patience,2.0,1.0
Arctic Monkeys,Brianstorm,2.0,1.0
Justin Timberlake,My Love (feat. T.I.),2.0,2.0
Fergie,Glamorous,2.0,1.0
Linkin Park,Bleed It Out,2.0,1.0
My Chemical Romance,Teenagers,2.0,2.0
Calvin Harris,Acceptable in the 80's,2.0,2.0
Sugababes,About You Now,2.0,1.0
Avril Lavigne,Girlfriend,2.0,2.0
Ne-Yo,Because Of You,1.0,2.0
Daughtry,It's Not Over,2.0,1.0
Unk,Walk It Out,2.0,2.0
Lloyd,You,2.0,2.0
Klaxons,Golden Skans,2.0,2.0
T-Pain,Bartender (feat. Akon),1.0,1.0
Baby Boy Da Prince,The Way I Live - Main Explicit,1.0,2.0
Fergie,Fergalicious,1.0,2.0
Omarion,Ice Box,2.0,2.0
Pretty Ricky,On the Hotline - Amended Version,2.0,2.0
Nickelback,Rockstar,2.0,2.0
Fall Out Boy,Thnks fr th Mmrs,2.0,1.0
Justin Timberlake,LoveStoned / I Think She Knows (Interlude),2.0,2.0
All Time Low,"Dear Maria, Count Me In",2.0,1.0
Amy Winehouse,Back To Black,1.0,1.0
Keyshia Cole,Let It Go,2.0,2.0
Ciara,Promise,1.0,1.0
Enrique Iglesias,Do You Know? (The Ping Pong Song),2.0,2.0
T2,Heartbroken - Edit,2.0,2.0
Robyn,With Every Heartbeat,2.0,1.0
Maroon 5,Makes Me Wonder,2.0,2.0
Fall Out Boy,"This Ain't A Scene, It's An Arms Race",2.0,1.0
Paramore,Misery Business,2.0,2.0
Hinder,Better Than Me,2.0,0.0
Huey,"Pop, Lock & Drop It - Video Edit",1.0,1.0
Foo Fighters,The Pretender,2.0,1.0
Plies,Shawty (feat. T Pain),2.0,0.0
Kaiser Chiefs,Ruby,2.0,1.0
Mark Ronson,Stop Me (feat. Daniel Merriweather),2.0,1.0
Bow Wow,Outta My System (feat. T-Pain & Johntá Austin),1.0,2.0
Jim Jones,We Fly High,2.0,1.0
The Red Jumpsuit Apparatus,Face Down,2.0,1.0
MIKA,Grace Kelly,2.0,2.0
Christina Aguilera,Candyman,2.0,2.0
Sean Kingston,Beautiful Girls,1.0,2.0
Akon,Don't Matter,1.0,1.0
James Blunt,1973,2.0,2.0
Carrie Underwood,Before He Cheats,2.0,0.0
Just Jack,Starz In Their Eyes,2.0,1.0
T-Pain,Buy U a Drank (Shawty Snappin') (feat. Yung Joc),1.0,1.0
Bone Thugs-N-Harmony,I Tried,2.0,1.0
Avril Lavigne,When You're Gone,2.0,0.0
Rich Boy,Throw Some D's,2.0,1.0
MIKA,Love Today,2.0,1.0
Manic Street Preachers,Your Love Alone Is Not Enough (feat. Nina Persson),2.0,1.0
Elliott Yamin,Wait for You,1.0,1.0
Wyclef Jean,"Sweetest Girl (Dollar Bill) (feat. Akon, Lil' Wayne & Niia)",2.0,1.0
Boys Like Girls,The Great Escape,2.0,1.0
Take That,Rule The World - Radio Edit,2.0,1.0
J. Holiday,Bed,1.0,2.0
Red Hot Chili Peppers,Snow (Hey Oh),2.0,1.0
Ludacris,Runaway Love,2.0,2.0
Flo Rida,Low (feat. T-Pain),1.0,0.0
Katy Perry,I Kissed A Girl,2.0,2.0
Rihanna,Take A Bow,1.0,1.0
Alicia Keys,No One,1.0,0.0
Timbaland,Apologize,1.0,0.0
Ne-Yo,Miss Independent,2.0,2.0
Chris Brown,With You,2.0,1.0
Beyoncé,If I Were a Boy,1.0,1.0
Kardinal Offishall,Dangerous,2.0,2.0
Madcon,Beggin (original version),2.0,1.0
September,Cry for You,2.0,2.0
Rihanna,Disturbia,2.0,2.0
Guru Josh Project,Infinity 2008,2.0,1.0
Britney Spears,Break the Ice,2.0,2.0
Lil Wayne,Lollipop,1.0,1.0
Basshunter,Now You're Gone - Video Edit,2.0,1.0
Kanye West,Flashing Lights,1.0,1.0
Madonna,4 Minutes (feat. Justin Timberlake & Timbaland),2.0,2.0
Katy Perry,Hot N Cold,2.0,2.0
Rihanna,Don't Stop The Music,2.0,1.0
Snoop Dogg,Sensual Seduction,2.0,1.0
Akon,Right Now (Na Na Na),2.0,1.0
Britney Spears,Womanizer,2.0,0.0
Eric Prydz,Pjanoo - Radio Edit,2.0,2.0
Kelly Rowland,Work,2.0,1.0
Jeezy,Put On,2.0,0.0
Madonna,Give It 2 Me,2.0,2.0
The Pussycat Dolls,When I Grow Up,2.0,1.0
will.i.am,Heartbreaker,1.0,1.0
Soulja Boy,Crank That (Soulja Boy),2.0,2.0
Britney Spears,Piece of Me,1.0,2.0
T.I.,Live Your Life,2.0,1.0
Ne-Yo,Closer,2.0,1.0
Lil Wayne,A Milli,2.0,2.0
Colby O'Donis,What You Got,1.0,0.0
Miley Cyrus,See You Again,2.0,2.0
Basshunter,All I Ever Wanted - Radio Edit,2.0,1.0
Chris Brown,Kiss Kiss (feat. T-Pain),1.0,1.0
Finger Eleven,Paralyzer,2.0,2.0
Alesha Dixon,The Boy Does Nothing,2.0,2.0
Dizzee Rascal,Dance Wiv Me - Radio Edit,2.0,2.0
Gabriella Cilmi,Sweet About Me,2.0,1.0
Jack White,Another Way to Die,2.0,1.0
Plies,Hypnotized (feat. Akon),1.0,1.0
The Pussycat Dolls,I Hate This Part,1.0,1.0
Sean Kingston,Take You There,2.0,1.0
Natasha Bedingfield,Pocketful of Sunshine,2.0,2.0
The Offspring,"You're Gonna Go Far, Kid",2.0,1.0
Kanye West,Homecoming,2.0,2.0
Estelle,American Boy,2.0,1.0
Saving Abel,Addicted,2.0,1.0
Pendulum,Propane Nightmares,2.0,0.0
The Game,My Life,2.0,1.0
Danity Kane,Damaged,1.0,2.0
P!nk,So What,2.0,1.0
Kanye West,Love Lockdown,1.0,0.0
Gym Class Heroes,Cookie Jar (feat. The-Dream),2.0,1.0
M.I.A.,Paper Planes,2.0,1.0
3 Doors Down,It's Not My Time,2.0,0.0
Kylie Minogue,Wow,2.0,2.0
Mariah Carey,Touch My Body,1.0,2.0
MGMT,Kids,2.0,0.0
The Ting Tings,Shut Up and Let Me Go,2.0,2.0
Lil Wayne,Got Money,1.0,2.0
Santana,Into the Night (feat. Chad Kroeger),2.0,1.0
The-Dream,I Luv Your Girl,0.0,0.0
Wiley,Wearing My Rolex - Radio Edit,2.0,2.0
Usher,Love in This Club (feat. Young Jeezy),2.0,1.0
Sam Sparro,Black & Gold - Radio Edit,2.0,1.0
"H ""two"" O",What's It Gonna Be (feat. Platnum),2.0,2.0
The Ting Tings,That's Not My Name,2.0,2.0
Plies,"Bust It Baby, Pt. 2 (feat. Ne-Yo)",2.0,2.0
James Morrison,Broken Strings,2.0,0.0
Leona Lewis,Run,1.0,0.0
Metro Station,Shake It,2.0,2.0
T.I.,Whatever You Like,2.0,1.0
Trey Songz,Can't Help but Wait,2.0,1.0
OneRepublic,Stop And Stare,2.0,0.0
Alexandra Burke,Hallelujah,1.0,0.0
Mary J. Blige,Just Fine,2.0,1.0
Jordin Sparks,One Step At a Time,2.0,2.0
Coldplay,Viva La Vida,1.0,1.0
Kings of Leon,Sex on Fire,2.0,1.0
Kanye West,Good Life,2.0,1.0
Duffy,Mercy,2.0,2.0
David Archuleta,Crush,1.0,1.0
J. Holiday,Suffocate - Superclean,1.0,1.0
Gavin DeGraw,In Love With a Girl,2.0,2.0
Jordin Sparks,Tattoo,2.0,1.0
Coldplay,Violet Hill,1.0,0.0
Ray J,Sexy Can I feat. Yung Berg,2.0,2.0
Jennifer Hudson,Spotlight,2.0,1.0
John Legend,Green Light (feat. André 3000),2.0,2.0
Jonas Brothers,Burnin' Up,2.0,2.0
Lupe Fiasco,Superstar (feat. Matthew Santos),2.0,1.0
Chris Brown,Forever,2.0,1.0
Adele,Chasing Pavements,1.0,0.0
Leona Lewis,Better in Time,2.0,1.0
Fergie,Clumsy,1.0,1.0
T-Pain,Can't Believe It (feat. Lil' Wayne),1.0,0.0
Black Eyed Peas,I Gotta Feeling,2.0,1.0
Lady Gaga,Poker Face,2.0,2.0
Beyoncé,Halo,2.0,1.0
David Guetta,Sexy Bitch (feat. Akon),1.0,2.0
Flo Rida,Right Round,2.0,2.0
Taylor Swift,Love Story,2.0,0.0
Pitbull,Hotel Room Service,1.0,2.0
Britney Spears,Circus,2.0,2.0
Lady Gaga,LoveGame,2.0,2.0
Skillet,Monster,2.0,2.0
The Prodigy,Omen,2.0,1.0
Black Eyed Peas,Meet Me Halfway,1.0,1.0
Kanye West,Heartless,1.0,1.0
Kid Cudi,Day 'N' Nite (Nightmare),1.0,2.0
Lady Gaga,Just Dance,2.0,2.0
Britney Spears,If U Seek Amy,1.0,1.0
Pitbull,I Know You Want Me (Calle Ocho),2.0,2.0
Mariah Carey,Obsessed,1.0,1.0
Beyoncé,Sweet Dreams,2.0,2.0
Agnes,Release Me,2.0,2.0
Black Eyed Peas,Boom Boom Pow,2.0,1.0
Shakira,She Wolf,2.0,2.0
Lady Gaga,Paparazzi,2.0,1.0
JAY-Z,Empire State Of Mind,2.0,2.0
OneRepublic,All The Right Moves,2.0,1.0
Jeremih,Birthday Sex,1.0,1.0
Cascada,Evacuate The Dancefloor,2.0,2.0
Linkin Park,New Divide,2.0,1.0
Kevin Rudolf,Let It Rock,2.0,1.0
JAY-Z,Run This Town,2.0,1.0
Lady Gaga,Bad Romance,2.0,2.0
T.I.,Live Your Life,2.0,1.0
Eminem,We Made You,2.0,2.0
Dizzee Rascal,Bonkers,2.0,2.0
Ciara,Love Sex Magic (feat. Justin Timberlake),1.0,2.0
Rihanna,Russian Roulette,1.0,0.0
Soulja Boy,Turn My Swag On,2.0,1.0
The xx,Intro,2.0,0.0
Jay Sean,Down,2.0,2.0
Keri Hilson,Turnin Me On - Original Dirty,1.0,0.0
David Guetta,When Love Takes Over (feat. Kelly Rowland),2.0,1.0
Cheryl,Fight For This Love,2.0,2.0
Soulja Boy,Kiss Me Thru The Phone,2.0,2.0
Eminem,Crack A Bottle,2.0,1.0
P!nk,Sober,2.0,1.0
Tinchy Stryder,Number 1,2.0,2.0
Pixie Lott,"Mama Do (Uh Oh, Uh Oh)",2.0,1.0
JLS,Beat Again - Radio Edit,2.0,2.0
3OH!3,DONTTRUSTME,2.0,1.0
A.R. Rahman,Jai Ho! (You Are My Destiny),2.0,2.0
The Pussycat Dolls,I Hate This Part,1.0,1.0
Akon,Beautiful,2.0,1.0
Alexandra Burke,Bad Boys (feat. Flo Rida),2.0,1.0
Mario,Break Up,1.0,1.0
Drake,Forever,2.0,1.0
Selena Gomez & The Scene,Naturally,2.0,2.0
Kanye West,Love Lockdown,1.0,0.0
The Veronicas,Untouched,2.0,1.0
Fabolous,Throw It In The Bag,1.0,2.0
Jason Derulo,Whatcha Say,2.0,2.0
Lily Allen,Not Fair,2.0,2.0
T.I.,Dead And Gone,2.0,1.0
Sean Kingston,Fire Burning,2.0,2.0
Empire of the Sun,Walking On A Dream,2.0,2.0
Cobra Starship,Good Girls Go Bad (feat. Leighton Meester),2.0,1.0
Nickelback,If Today Was Your Last Day,2.0,1.0
La Roux,Bulletproof,2.0,2.0
Kasabian,Fire,2.0,0.0
Calvin Harris,I'm Not Alone - Radio Edit,2.0,1.0
Justin Bieber,One Time,2.0,2.0
Jamie Foxx,Blame It,1.0,1.0
La Roux,In For The Kill,2.0,2.0
Muse,Uprising,2.0,1.0
Nickelback,Gotta Be Somebody,2.0,0.0
James Morrison,Broken Strings,2.0,0.0
T.I.,Whatever You Like,2.0,1.0
Dizzee Rascal,Holiday,2.0,2.0
Beyoncé,Single Ladies (Put a Ring on It),1.0,0.0
Boys Like Girls,Love Drunk,2.0,1.0
The-Dream,Rockin' That Shit,1.0,1.0
OneRepublic,Secrets,2.0,1.0
JLS,Everybody in Love,2.0,1.0
Jason Aldean,Big Green Tractor,1.0,1.0
The Fray,Never Say Never,1.0,0.0
Lily Allen,The Fear,2.0,1.0
Kings of Leon,Sex on Fire,2.0,1.0
Drake,Best I Ever Had,2.0,1.0
Kelly Clarkson,Already Gone,2.0,0.0
Miley Cyrus,Party In The U.S.A.,2.0,1.0
Jordin Sparks,Battlefield,1.0,1.0
Ne-Yo,Mad,1.0,2.0
Green Day,21 Guns,2.0,1.0
Keri Hilson,Knock You Down,2.0,1.0
Taylor Swift,You Belong With Me,2.0,1.0
Shinedown,Second Chance,2.0,0.0
Asher Roth,I Love College,2.0,1.0
Katy Perry,Waking Up In Vegas,2.0,1.0
Kelly Clarkson,My Life Would Suck Without You,2.0,1.0
Mumford & Sons,Little Lion Man,1.0,1.0
The Fray,You Found Me,2.0,1.0
Bruno Mars,Just the Way You Are,2.0,1.0
Eminem,Love The Way You Lie,2.0,1.0
Lady Gaga,Bad Romance,2.0,2.0
Stromae,Alors on danse - Radio Edit,1.0,2.0
Kesha,TiK ToK,2.0,2.0
David Guetta,Memories (feat. Kid Cudi),2.0,1.0
Taio Cruz,Dynamite,2.0,2.0
Rihanna,Only Girl (In The World),2.0,1.0
Katy Perry,California Gurls,2.0,1.0
Kesha,Take It Off,2.0,2.0
INNA,Hot - Play & Win Radio Version,2.0,1.0
Far East Movement,Like A G6,2.0,2.0
David Guetta,Gettin' Over You (feat. Fergie & LMFAO),2.0,1.0
Duck Sauce,Barbra Streisand - Radio Edit,2.0,1.0
Lucenzo,Danza Kuduro (feat. Don Omar),2.0,2.0
Rihanna,Te Amo,2.0,2.0
Timbaland,Carry Out (Featuring Justin Timberlake),1.0,0.0
DJ Fresh,Gold Dust - Radio Edit,2.0,0.0
Edward Maya,Stereo Love - Radio Edit,2.0,1.0
Taio Cruz,Break Your Heart,2.0,1.0
Black Eyed Peas,Imma Be,1.0,1.0
Sidney Samson,Riverside,2.0,0.0
Eminem,Not Afraid,2.0,2.0
Lady Gaga,Alejandro,2.0,1.0
Rihanna,Rude Boy,2.0,2.0
Ne-Yo,Beautiful Monster,2.0,1.0
3OH!3,Starstrukk,2.0,0.0
Black Eyed Peas,The Time (Dirty Bit),2.0,1.0
Kelly Rowland,Commander,2.0,1.0
Swedish House Mafia,One (Your Name) - Radio Edit,2.0,1.0
Chris Brown,Deuces (feat. Tyga & Kevin McCall),2.0,0.0
Usher,DJ Got Us Fallin' In Love (feat. Pitbull),2.0,1.0
Iyaz,Replay,2.0,0.0
Flo Rida,Club Can't Handle Me (feat. David Guetta),2.0,1.0
Sean Kingston,Eenie Meenie,1.0,2.0
Waka Flocka Flame,No Hands (feat. Roscoe Dash & Wale),1.0,1.0
Tinie Tempah,Written in the Stars (feat. Eric Turner),2.0,1.0
Bruno Mars,Talking to the Moon,1.0,0.0
Miley Cyrus,Can't Be Tamed,2.0,2.0
Mike Posner,Cooler Than Me - Single Mix,2.0,1.0
Lady Gaga,Telephone,2.0,2.0
Yolanda Be Cool,We No Speak Americano (JT Radio Edit),2.0,2.0
Rihanna,Hard,2.0,0.0
Tinie Tempah,Pass Out,2.0,1.0
Adam Lambert,Whataya Want from Me,2.0,1.0
Trey Songz,Bottoms Up (feat. Nicki Minaj),1.0,0.0
Timbaland,If We Ever Meet Again (Featuring Katy Perry),1.0,1.0
Enrique Iglesias,I Like It,2.0,2.0
Tim Berg,Seek Bromance - Avicii’s Vocal Edit,2.0,1.0
Usher,OMG (feat. will.i.am),2.0,0.0
Maroon 5,Misery,2.0,2.0
Jay Sean,Down,2.0,2.0
Rihanna,Man Down,2.0,1.0
3OH!3,My First Kiss (feat. Ke$ha),2.0,2.0
Justin Bieber,Baby,2.0,1.0
Cali Swag District,Teach Me How to Dougie,1.0,1.0
Swedish House Mafia,Miami 2 Ibiza - Swedish House Mafia vs. Tinie Tempah,2.0,1.0
K'NAAN,Wavin' Flag,2.0,2.0
Ludacris,How Low,1.0,1.0
Kesha,Blah Blah Blah (feat. 3OH!3),2.0,1.0
DJ Khaled,"All I Do Is Win (feat. T-Pain, Ludacris, Snoop Dogg & Rick Ross)",2.0,0.0
Jason Derulo,In My Head,2.0,2.0
Aloe Blacc,I Need A Dollar,1.0,2.0
B.o.B,Airplanes (feat. Hayley Williams of Paramore),2.0,1.0
Ludacris,My Chick Bad,2.0,2.0
Nelly,Just A Dream,2.0,0.0
Rihanna,What's My Name?,2.0,1.0
Shontelle,Impossible,1.0,1.0
Take That,The Flood,2.0,0.0
Trey Songz,Say Aah (feat. Fabolous),2.0,2.0
Jason Derulo,Whatcha Say,2.0,2.0
Drake,Over,2.0,1.0
Example,Kickstarts,2.0,1.0
Plan B,She Said,1.0,2.0
The Saturdays,Higher,2.0,1.0
Jay Sean,Do You Remember,2.0,2.0
Usher,Hey Daddy (Daddy's Home),2.0,1.0
Lil Wayne,Right Above It,2.0,1.0
The Wanted,All Time Low,1.0,2.0
Kesha,Your Love Is My Drug,1.0,2.0
Ellie Goulding,Starry Eyed,2.0,1.0
Drake,Find Your Love,1.0,2.0
Jason Derulo,Ridin' Solo,2.0,1.0
Two Door Cinema Club,What You Know,2.0,2.0
JAY-Z,Young Forever,2.0,0.0
Young Money,BedRock,1.0,1.0
B.o.B,Nothin' on You (feat. Bruno Mars),2.0,2.0
Katy Perry,Teenage Dream,2.0,1.0
Scouting For Girls,This Ain't a Love Song,2.0,1.0
Travie McCoy,Billionaire (feat. Bruno Mars),2.0,1.0
Owl City,Fireflies,1.0,1.0
Alicia Keys,Empire State of Mind (Part II) Broken Down,1.0,0.0
Lady A,Need You Now,2.0,0.0
Taylor Swift,Back To December,2.0,0.0
Neon Trees,Animal,2.0,2.0
Kris Allen,Live Like We're Dying,2.0,2.0
Matt Cardle,When We Collide,2.0,1.0
Robyn,Dancing On My Own,2.0,0.0
The Band Perry,If I Die Young,1.0,1.0
B.o.B,Magic (feat. Rivers Cuomo),2.0,2.0
Adele,Rolling in the Deep,2.0,1.0
Maroon 5,"Moves Like Jagger - Studio Recording From ""The Voice"" Performance",2.0,1.0
LMFAO,Party Rock Anthem,2.0,1.0
Katy Perry,Firework,2.0,1.0
Bruno Mars,Grenade,1.0,0.0
Pitbull,Hey Baby (Drop It to the Floor) (feat. T-Pain),2.0,2.0
Alexandra Stan,Mr. Saxobeat,2.0,2.0
David Guetta,Who's That Chick? (feat. Rihanna),1.0,2.0
Jennifer Lopez,On The Floor,2.0,1.0
Rihanna,S&M,2.0,2.0
Kesha,Blow,2.0,2.0
Snoop Dogg,Sweat - Remix,2.0,2.0
Taio Cruz,Higher,2.0,2.0
Usher,More - RedOne Jimmy Joker Remix,2.0,2.0
Example,Changed the Way You Kiss Me - Radio Edit,2.0,0.0
Black Eyed Peas,Just Can’t Get Enough,1.0,0.0
David Guetta,Where Them Girls At (feat. Nicki Minaj & Flo Rida),2.0,1.0
Lykke Li,I Follow Rivers - The Magician Remix,2.0,0.0
Pitbull,"Give Me Everything (feat. Ne-Yo, Afrojack & Nayer)",2.0,1.0
Selena Gomez & The Scene,Love You Like A Love Song,2.0,2.0
Wiz Khalifa,Black and Yellow,2.0,1.0
Katy Perry,E.T.,2.0,2.0
Britney Spears,I Wanna Go,1.0,2.0
Gym Class Heroes,Stereo Hearts (feat. Adam Levine),2.0,2.0
Edward Maya,Stereo Love - Radio Edit,2.0,1.0
Enrique Iglesias,Tonight (I'm Fuckin' You),2.0,0.0
Jeremih,Down On Me,1.0,1.0
Sak Noel,Loca People - Radio Edit,2.0,2.0
Olly Murs,Heart Skips a Beat (feat. Rizzle Kicks),2.0,2.0
LMFAO,Sexy And I Know It,2.0,2.0
Cobra Starship,You Make Me Feel... (feat. Sabi),2.0,2.0
Jessie J,Do It Like A Dude,2.0,1.0
DJ Fresh,Louder (feat. Sian Evans) - Radio Edit,2.0,1.0
Waka Flocka Flame,No Hands (feat. Roscoe Dash & Wale),1.0,1.0
Nickelback,When We Stand Together,2.0,2.0
M83,Midnight City,2.0,0.0
Britney Spears,Till the World Ends,2.0,1.0
Labrinth,Earthquake (feat. Tinie Tempah),2.0,0.0
Jason Derulo,Don't Wanna Go Home,2.0,1.0
Coldplay,Paradise,1.0,0.0
Katy Perry,Last Friday Night (T.G.I.F.),2.0,2.0
Adele,Set Fire to the Rain,2.0,1.0
Dr. Dre,I Need A Doctor,2.0,1.0
Lil Wayne,6 Foot 7 Foot,2.0,1.0
DJ Khaled,I'm On One,2.0,1.0
Chris Brown,Look At Me Now (feat. Lil' Wayne & Busta Rhymes),2.0,1.0
Far East Movement,Rocketeer,2.0,1.0
The Wanted,Glad You Came,2.0,1.0
Kesha,We R Who We R,2.0,1.0
Kelly Rowland,Motivation,2.0,0.0
Rihanna,We Found Love,2.0,1.0
Nicole Scherzinger,Don't Hold Your Breath,2.0,2.0
Mann,Buzzin Remix,2.0,1.0
Chris Brown,Yeah 3x,2.0,2.0
Swedish House Mafia,Save The World,1.0,1.0
Kanye West,All Of The Lights,2.0,0.0
Miguel,Sure Thing,1.0,1.0
Diddy - Dirty Money,Coming Home,2.0,0.0
Rihanna,What's My Name?,2.0,1.0
Chris Brown,Beautiful People,2.0,1.0
Avril Lavigne,What the Hell,2.0,2.0
Professor Green,Read All About It,2.0,1.0
Chase & Status,Blind Faith,2.0,1.0
Chip,Champion (feat. Chris Brown),2.0,1.0
Selena Gomez & The Scene,Who Says,2.0,2.0
Rizzle Kicks,Down With The Trumpets,2.0,2.0
Lady Gaga,Born This Way,2.0,1.0
Nicki Minaj,Super Bass,2.0,2.0
Mac Miller,Donald Trump,2.0,2.0
Calvin Harris,Bounce (feat. Kelis) - Radio Edit,2.0,2.0
David Guetta,Without You (feat. Usher),1.0,1.0
Foster The People,Pumped Up Kicks,2.0,2.0
Drake,Headlines,1.0,1.0
Jessie J,Price Tag,2.0,2.0
Jason Aldean,Dirt Road Anthem,2.0,1.0
Wiz Khalifa,Roll Up,2.0,1.0
OneRepublic,Good Life,2.0,1.0
Bad Meets Evil,Lighters,2.0,0.0
Bruno Mars,The Lazy Song,2.0,2.0
Lupe Fiasco,The Show Goes On,2.0,1.0
James Morrison,I Won't Let You Go,1.0,0.0
Jason Derulo,It Girl,2.0,1.0
Adele,Someone Like You,0.0,0.0
Red Hot Chili Peppers,The Adventures of Rain Dance Maggie,2.0,1.0
Keri Hilson,Pretty Girl Rock,2.0,2.0
P!nk,F**kin' Perfect,2.0,1.0
Blake Shelton,Honey Bee,2.0,2.0
Lady Gaga,The Edge Of Glory,2.0,1.0
Lady A,Just A Kiss,1.0,0.0
Hot Chelle Rae,Tonight Tonight,2.0,2.0
Grouplove,Tongue Tied,2.0,1.0
Coldplay,Every Teardrop Is a Waterfall,2.0,0.0
Beyoncé,Best Thing I Never Had,1.0,0.0
P!nk,Raise Your Glass,2.0,1.0
Christina Perri,Jar of Hearts,1.0,0.0
Bruno Mars,Marry You,2.0,1.0
The Band Perry,If I Die Young,1.0,1.0
Lil Wayne,How To Love,1.0,0.0
Charlene Soraia,Wherever You Will Go,0.0,0.0
Christina Perri,A Thousand Years,1.0,0.0
Rihanna,We Found Love,2.0,1.0
Carly Rae Jepsen,Call Me Maybe,1.0,1.0
fun.,We Are Young (feat. Janelle Monáe),1.0,2.0
Sean Paul,She Doesn't Mind,2.0,1.0
Pitbull,International Love (feat. Chris Brown),2.0,1.0
DEV,In The Dark,2.0,1.0
Adele,Skyfall,1.0,0.0
David Guetta,Turn Me On (feat. Nicki Minaj),2.0,1.0
Rihanna,Where Have You Been,2.0,1.0
JAY-Z,Ni**as In Paris,2.0,2.0
Maroon 5,One More Night,2.0,1.0
Skrillex,Bangarang (feat. Sirah),2.0,1.0
The Wanted,Chasing The Sun,2.0,2.0
Flo Rida,Whistle,2.0,2.0
will.i.am,This Is Love,2.0,0.0
David Guetta,She Wolf (Falling to Pieces) [feat. Sia],2.0,1.0
Nicki Minaj,Pound The Alarm,2.0,1.0
Kendrick Lamar,Swimming Pools (Drank) - Extended Version,1.0,0.0
MARINA,Primadonna,2.0,1.0
Kanye West,Mercy,1.0,1.0
DJ Fresh,Hot Right Now (feat. RITA ORA) - Radio Edit,2.0,1.0
LMFAO,Sexy And I Know It,2.0,2.0
PSY,Gangnam Style (강남스타일),2.0,2.0
Kesha,Die Young,2.0,2.0
Usher,Scream,2.0,1.0
Olly Murs,Troublemaker (feat. Flo Rida),2.0,2.0
Linkin Park,BURN IT DOWN,2.0,1.0
Bruno Mars,Locked out of Heaven,2.0,2.0
Avicii,Levels - Radio Edit,2.0,1.0
Flo Rida,Good Feeling,2.0,2.0
Rihanna,Diamonds,2.0,1.0
Wiz Khalifa,"Work Hard, Play Hard",1.0,1.0
Katy Perry,Part Of Me,2.0,2.0
Nicki Minaj,Starships,2.0,2.0
Kendrick Lamar,m.A.A.d city,2.0,0.0
Asaf Avidan & the Mojos,One Day / Reckoning Song (Wankelmut Remix) [Radio Edit],2.0,1.0
Florence + The Machine,Spectrum (Say My Name) - Calvin Harris Remix,2.0,1.0
Azealia Banks,212,2.0,1.0
Maroon 5,Payphone,2.0,1.0
James Arthur,Impossible,2.0,0.0
Michel Teló,Ai Se Eu Te Pego - Live,2.0,2.0
Otto Knows,Million Voices - Radio Edit,2.0,0.0
Icona Pop,I Love It,2.0,2.0
Tyga,Rack City,1.0,0.0
Calvin Harris,Feel So Close - Radio Edit,2.0,2.0
Jennifer Lopez,Dance Again,2.0,2.0
Grimes,Oblivion,1.0,1.0
Adele,Rumour Has It,2.0,1.0
Coldplay,Paradise,1.0,0.0
Chris Brown,Turn Up the Music,2.0,1.0
Frank Ocean,Lost,1.0,1.0
Calvin Harris,Let's Go (feat. Ne-Yo),2.0,2.0
The Script,Hall of Fame (feat. will.i.am),2.0,1.0
Swedish House Mafia,Don't You Worry Child - Radio Edit,2.0,1.0
MARINA,How to Be a Heartbreaker,2.0,2.0
Justin Bieber,Boyfriend,1.0,0.0
David Guetta,Titanium (feat. Sia),2.0,0.0
Jessie J,Domino,1.0,2.0
Taylor Swift,I Knew You Were Trouble.,1.0,2.0
ScHoolboy Q,Hands on the Wheel (feat. Asap Rocky),2.0,0.0
P!nk,Try,1.0,1.0
Robbie Williams,Candy,2.0,2.0
Snoop Dogg,"Young, Wild & Free (feat. Bruno Mars)",1.0,1.0
Justin Bieber,As Long As You Love Me,2.0,1.0
Rita Ora,R.I.P. (feat. Tinie Tempah),2.0,1.0
Alex Clare,Too Close,2.0,0.0
Tyga,Faded,2.0,1.0
Alesso,Years - ラジオ・エディット,2.0,0.0
Guy Sebastian,Battle Scars (feat. Lupe Fiasco),2.0,1.0
Katy Perry,The One That Got Away,2.0,2.0
Avicii,Silhouettes - Original Radio Edit,2.0,2.0
Gotye,Somebody That I Used To Know,1.0,2.0
Flo Rida,Wild Ones (feat. Sia),2.0,1.0
One Direction,What Makes You Beautiful,2.0,2.0
Lana Del Rey,Born To Die,1.0,1.0
Kesha,C'Mon,2.0,0.0
Owl City,Good Time,2.0,2.0
Calvin Harris,We'll Be Coming Back (feat. Example),2.0,1.0
Emeli Sandé,"Read All About It, Pt. III",1.0,1.0
Ellie Goulding,Lights - Single Version,2.0,2.0
Train,Drive By,2.0,2.0
Disclosure,Latch,2.0,1.0
Coldplay,Princess of China,2.0,0.0
One Direction,Live While We're Young,2.0,2.0
Gym Class Heroes,Ass Back Home (feat. Neon Hitch),2.0,1.0
Carrie Underwood,Blown Away,2.0,1.0
alt-J,Breezeblocks,1.0,0.0
Chris Brown,Don't Wake Me Up,2.0,0.0
Kelly Clarkson,Stronger (What Doesn't Kill You),2.0,2.0
Drake,The Motto,1.0,1.0
Katy Perry,Wide Awake,2.0,1.0
Rita Ora,How We Do (Party),2.0,2.0
Rudimental,Feel the Love (feat. John Newman),2.0,0.0
Lana Del Rey,Ride,2.0,0.0
Ne-Yo,Let Me Love You (Until You Learn To Love Yourself),2.0,0.0
Demi Lovato,Give Your Heart a Break,2.0,1.0
Drake,Take Care,1.0,0.0
Little Mix,Wings,2.0,1.0
Bruno Mars,It Will Rain,2.0,1.0
Cher Lloyd,Want U Back,2.0,1.0
Lorde,Royals,1.0,1.0
Robin Thicke,Blurred Lines,1.0,2.0
Imagine Dragons,Radioactive,2.0,0.0
Avicii,Wake Me Up,2.0,1.0
Bruno Mars,Locked out of Heaven,2.0,2.0
Macklemore & Ryan Lewis,Thrift Shop (feat. Wanz),1.0,1.0
Daft Punk,Get Lucky (feat. Pharrell Williams & Nile Rodgers) - Radio Edit,2.0,2.0
will.i.am,Scream & Shout,2.0,1.0
Stromae,Papaoutai,2.0,0.0
Bingo Players,Get Up (Rattle) - Vocal Edit,2.0,2.0
Naughty Boy,La La La,2.0,0.0
Tom Odell,Another Love,1.0,0.0
2 Chainz,We Own It (Fast & Furious),2.0,1.0
David Guetta,Play Hard (feat. Ne-Yo & Akon),2.0,2.0
Pitbull,Feel This Moment (feat. Christina Aguilera),2.0,1.0
will.i.am,#thatPOWER,1.0,1.0
Lil Wayne,Love Me,1.0,1.0
Macklemore & Ryan Lewis,Can't Hold Us (feat. Ray Dalton),2.0,2.0
Martin Garrix,Animals - Radio Edit,2.0,0.0
Jason Derulo,Talk Dirty (feat. 2 Chainz),1.0,2.0
John Newman,Love Me Again,2.0,0.0
Britney Spears,Work B**ch,2.0,2.0
The Neighbourhood,Sweater Weather,2.0,1.0
Sebastian Ingrosso,Reload - Radio Edit,2.0,1.0
Capital Cities,Safe And Sound,2.0,2.0
Demi Lovato,Heart Attack,2.0,1.0
Arctic Monkeys,Why'd You Only Call Me When You're High?,1.0,2.0
Justin Bieber,Beauty And A Beat,2.0,1.0
Eminem,The Monster,2.0,1.0
Pitbull,Don't Stop the Party (feat. TJR),2.0,2.0
Selena Gomez,Come & Get It,2.0,1.0
P!nk,True Love (feat. Lily Allen),2.0,1.0
Disclosure,White Noise,2.0,2.0
Flo Rida,I Cry,2.0,2.0
Kanye West,Black Skinhead,2.0,0.0
Lana Del Rey,Summertime Sadness (Lana Del Rey Vs. Cedric Gervais) - Cedric Gervais Remix,2.0,0.0
Eminem,Berzerk,2.0,2.0
Icona Pop,I Love It (feat. Charli XCX),2.0,2.0
Fall Out Boy,My Songs Know What You Did In The Dark (Light Em Up),2.0,1.0
Lorde,Team,1.0,1.0
Avicii,I Could Be The One (Avicii Vs. Nicky Romero) - Radio Edit,2.0,1.0
Imagine Dragons,Demons,2.0,1.0
One Direction,One Way or Another (Teenage Kicks),2.0,1.0
Taylor Swift,I Knew You Were Trouble.,1.0,2.0
Arctic Monkeys,Do I Wanna Know?,1.0,1.0
Rudimental,Waiting All Night (feat. Ella Eyre),2.0,0.0
Klangkarussell,Sonnentanz - Sun Don't Shine,1.0,0.0
Calvin Harris,Drinking from the Bottle (feat. Tinie Tempah),2.0,1.0
A$AP Rocky,"F**kin' Problems (feat. Drake, 2 Chainz & Kendrick Lamar)",2.0,1.0
P!nk,Try,1.0,1.0
Ylvis,The Fox (What Does the Fox Say?),2.0,1.0
Ellie Goulding,Burn,2.0,0.0
Baauer,Harlem Shake,2.0,0.0
Calvin Harris,I Need Your Love (feat. Ellie Goulding),2.0,1.0
Katy Perry,This Is How We Do,1.0,2.0
AWOLNATION,Sail,1.0,0.0
Duke Dumont,Need U (100%) [feat. A*M*E] - Radio Edit,2.0,1.0
Jason Derulo,The Other Side,2.0,1.0
Storm Queen,Look Right Through - MK Vocal Edit,2.0,1.0
Calvin Harris,Sweet Nothing (feat. Florence Welch),2.0,1.0
Katy Perry,Unconditionally,2.0,1.0
Wale,Bad (feat. Rihanna) - Remix,2.0,1.0
Ciara,Body Party,1.0,0.0
Drake,Started From the Bottom,1.0,1.0
Birdy,Wings,2.0,0.0
Bastille,Of The Night,2.0,1.0
Olly Murs,Dear Darlin',2.0,1.0
Katy Perry,Roar,2.0,1.0
Blake Shelton,Sure Be Cool If You Did,2.0,1.0
Calvin Harris,Thinking About You (feat. Ayah Marar),2.0,2.0
JAY-Z,Holy Grail,1.0,0.0
Bridgit Mendler,Ready or Not,2.0,2.0
The Saturdays,What About Us,2.0,2.0
Bastille,Pompeii,2.0,1.0
One Direction,Best Song Ever,2.0,1.0
Nelly,Hey Porsche,2.0,2.0
Zedd,Clarity,2.0,0.0
Miley Cyrus,Wrecking Ball,1.0,1.0
Chris Brown,Fine China,2.0,1.0
Daft Punk,Lose Yourself to Dance (feat. Pharrell Williams),1.0,2.0
Armin van Buuren,This Is What It Feels Like,2.0,0.0
Justin Timberlake,Mirrors,1.0,1.0
Bruno Mars,Treasure,2.0,2.0
Of Monsters and Men,Little Talks,2.0,1.0
Miley Cyrus,We Can't Stop,1.0,1.0
J. Cole,Power Trip (feat. Miguel),1.0,1.0
Paramore,Still into You,2.0,2.0
Christina Perri,human,1.0,0.0
Drake,"Hold On, We're Going Home",1.0,0.0
James Blunt,Bonfire Heart,2.0,1.0
Maroon 5,Daylight,2.0,1.0
Childish Gambino,3005,1.0,1.0
Avril Lavigne,Here's to Never Growing Up,2.0,2.0
Taylor Swift,22,2.0,2.0
Passenger,Let Her Go,1.0,0.0
Ariana Grande,The Way,2.0,2.0
Rihanna,Stay,0.0,0.0
Justin Timberlake,Suit & Tie (feat. Jay-Z),1.0,1.0
Bruno Mars,When I Was Your Man,0.0,1.0
Florida Georgia Line,Cruise,2.0,2.0
Pharrell Williams,"Happy - From ""Despicable Me 2""",2.0,2.0
Katy Perry,Dark Horse,1.0,1.0
ScHoolboy Q,Collard Greens,1.0,1.0
Iggy Azalea,Fancy,2.0,1.0
Maroon 5,Animals,2.0,0.0
Sam Smith,Stay With Me,1.0,0.0
MAGIC!,Rude,2.0,2.0
Sia,Chandelier,2.0,1.0
John Legend,All of Me,0.0,0.0
ZHU,Faded,1.0,1.0
Meghan Trainor,All About That Bass,2.0,2.0
David Guetta,Lovers on the Sun (feat. Sam Martin),2.0,1.0
Iggy Azalea,Black Widow,2.0,1.0
Tove Lo,Habits (Stay High),1.0,1.0
Oliver Heldens,Gecko (Overdrive) - Radio Edit,2.0,2.0
DJ Snake,You Know You Like It,2.0,0.0
Jason Derulo,Talk Dirty (feat. 2 Chainz),1.0,2.0
Maroon 5,Maps,2.0,2.0
David Guetta,Bad (feat. Vassy) - Radio Edit,2.0,1.0
Tinashe,2 On (feat. ScHoolboy Q),1.0,1.0
Route 94,My Love (feat. Jess Glynne),1.0,2.0
Taylor Swift,Bad Blood,2.0,0.0
Trey Songz,Na Na,1.0,0.0
Calvin Harris,Under Control (feat. Hurts),2.0,1.0
O.T. Genasis,CoCo,1.0,0.0
Jason Derulo,Wiggle (feat. Snoop Dogg),1.0,2.0
Lilly Wood and The Prick,Prayer in C - Robin Schulz Radio Edit,2.0,2.0
Jeremih,Don't Tell 'Em,1.0,1.0
Nicki Minaj,Anaconda,1.0,1.0
Calvin Harris,Blame (feat. John Newman),2.0,1.0
DJ Snake,Turn Down for What,2.0,0.0
Pitbull,Timber (feat. Ke$ha),2.0,2.0
OneRepublic,Counting Stars,2.0,1.0
Bobby Shmurda,Hot N*gga,1.0,0.0
Calvin Harris,Summer,2.0,2.0
ScHoolboy Q,Man Of The Year,2.0,1.0
Nico & Vinz,Am I Wrong,2.0,2.0
Becky G,Shower,1.0,0.0
Sigma,Nobody To Love - Radio Edit,2.0,0.0
The Chainsmokers,#SELFIE - Original Mix,2.0,1.0
Lorde,Team,1.0,1.0
Rixton,Me And My Broken Heart,2.0,1.0
Klingande,Jubel - Radio Edit,1.0,0.0
Mr. Probz,Waves - Robin Schulz Radio Edit,1.0,1.0
Paloma Faith,Only Love Can Hurt Like This,2.0,0.0
Kiesza,Hideaway,2.0,0.0
Ellie Goulding,Burn,2.0,0.0
Ariana Grande,Break Free,2.0,0.0
Kid Ink,Show Me (feat. Chris Brown),1.0,1.0
Tove Lo,Talking Body,2.0,0.0
Chris Brown,Loyal (feat. Lil Wayne & Tyga),1.0,1.0
OneRepublic,Love Runs Out,2.0,2.0
Olly Murs,Up (feat. Demi Lovato),2.0,1.0
Peking Duk,High (feat. Nicole Millar),2.0,1.0
Milky Chance,Stolen Dance,1.0,2.0
Ed Sheeran,Don't,1.0,2.0
Ariana Grande,Love Me Harder,2.0,0.0
Enrique Iglesias,Bailando - Spanish Version,2.0,2.0
Avicii,Hey Brother,2.0,1.0
Jessie J,Bang Bang,2.0,2.0
Duke Dumont,I Got U,2.0,1.0
Gorgon City,Ready For Your Love,2.0,1.0
Taylor Swift,Style,2.0,1.0
MKTO,Classic,2.0,2.0
Disclosure,Latch,2.0,1.0
Ariana Grande,Problem,2.0,1.0
Charli XCX,Boom Clap,2.0,1.0
One Direction,Steal My Girl,2.0,1.0
Tiësto,Red Lights,2.0,1.0
Selena Gomez,The Heart Wants What It Wants,2.0,1.0
Rita Ora,I Will Never Let You Down,2.0,2.0
5 Seconds of Summer,She Looks So Perfect,2.0,1.0
The Script,Superheroes,2.0,1.0
Taylor Swift,Shake It Off,2.0,2.0
One Direction,Night Changes,1.0,1.0
Ed Sheeran,Sing,2.0,2.0
Alesso,Heroes (we could be),2.0,1.0
Tiësto,Wasted,2.0,1.0
G.R.L.,Ugly Heart,2.0,1.0
Coldplay,A Sky Full of Stars,2.0,0.0
Clean Bandit,Rather Be (feat. Jess Glynne),1.0,1.0
Zedd,Stay The Night - Featuring Hayley Williams Of Paramore,2.0,1.0
Sia,Elastic Heart,2.0,1.0
One Direction,Story of My Life,1.0,0.0
Alex & Sierra,Little Do You Know,0.0,1.0
Omarion,Post to Be (feat. Chris Brown & Jhene Aiko),2.0,2.0
Echosmith,Cool Kids,2.0,2.0
Natalie La Rose,Somebody,1.0,2.0
Vance Joy,Riptide,2.0,1.0
Beyoncé,Drunk in Love (feat. Jay-Z),1.0,1.0
Maroon 5,Sugar,2.0,2.0
Ella Henderson,Ghost,2.0,1.0
Ed Sheeran,"I See Fire - From ""The Hobbit - The Desolation Of Smaug""",0.0,0.0
Chris Brown,New Flame (feat. Usher & Rick Ross),1.0,1.0
Sheppard,Geronimo,2.0,1.0
Olly Murs,Wrapped Up (feat. Travie McCoy),2.0,2.0
Sam Smith,Money On My Mind,2.0,2.0
Jason Derulo,Trumpets,2.0,1.0
Nicki Minaj,Bed Of Lies,2.0,0.0
Nick Jonas,Jealous - Remix,2.0,1.0
Mark Ronson,Uptown Funk (feat. Bruno Mars),1.0,2.0
Ed Sheeran,Thinking out Loud,1.0,1.0
Wiz Khalifa,See You Again (feat. Charlie Puth),1.0,0.0
Justin Bieber,What Do You Mean?,1.0,2.0
Major Lazer,Lean On (feat. MØ & DJ Snake),2.0,0.0
The Weeknd,"Earned It (Fifty Shades Of Grey) - From The ""Fifty Shades Of Grey"" Soundtrack",1.0,1.0
Ellie Goulding,"Love Me Like You Do - From ""Fifty Shades Of Grey""",1.0,0.0
Calvin Harris,Outside (feat. Ellie Goulding),2.0,1.0
David Guetta,"Hey Mama (feat. Nicki Minaj, Bebe Rexha & Afrojack)",2.0,1.0
Demi Lovato,Cool for the Summer,1.0,0.0
Taylor Swift,Blank Space,2.0,1.0
The Weeknd,The Hills,1.0,0.0
The Neighbourhood,Daddy Issues,1.0,1.0
Deorro,Five More Hours,2.0,1.0
Avicii,The Nights,2.0,1.0
DJ Snake,You Know You Like It,2.0,0.0
Adam Lambert,Ghost Town,2.0,0.0
Rae Sremmurd,No Type,1.0,0.0
Taylor Swift,Bad Blood,1.0,0.0
Flo Rida,GDFR (feat. Sage the Gemini & Lookas),2.0,2.0
Robin Schulz,Sugar (feat. Francesco Yates),2.0,1.0
Calvin Harris,How Deep Is Your Love,2.0,1.0
Philip George,Wish You Were Mine - Radio Edit,2.0,1.0
Trey Songz,Na Na,1.0,0.0
Fall Out Boy,Centuries,2.0,1.0
Rob $tone,Chill Bill (feat. J. Davi$ & Spooks),1.0,0.0
Lost Frequencies,Are You With Me - Radio Edit,1.0,1.0
Twenty One Pilots,Stressed Out,1.0,1.0
Fifth Harmony,Worth It (feat. Kid Ink),2.0,1.0
KALEO,Way down We Go,1.0,0.0
Sam Smith,Like I Can,1.0,1.0
Major Lazer,Light It Up (feat. Nyla & Fuse ODG) - Remix,2.0,2.0
Martin Solveig,Intoxicated - New Radio Mix,2.0,1.0
Avicii,Waiting For Love,2.0,1.0
Felix Jaehn,Ain't Nobody (Loves Me Better) (feat. Jasmine Thompson),1.0,1.0
Taylor Swift,Wildest Dreams,1.0,1.0
The Weeknd,In The Night,2.0,1.0
Pitbull,Time of Our Lives,2.0,2.0
Galantis,Runaway (U & I),2.0,1.0
Rihanna,Bitch Better Have My Money,2.0,1.0
Zara Larsson,Lush Life,2.0,2.0
One Direction,Drag Me Down,2.0,1.0
Travis Scott,Antidote,1.0,0.0
Years & Years,King,2.0,1.0
Demi Lovato,Confident,2.0,1.0
Lemaitre,Closer,2.0,1.0
Selena Gomez,Same Old Love,1.0,1.0
Pia Mia,Do It Again,1.0,1.0
Flo Rida,My House,2.0,2.0
Silentó,Watch Me (Whip / Nae Nae),2.0,2.0
Chris Brown,Ayo,1.0,2.0
The Strumbellas,Spirits,1.0,2.0
Fetty Wap,Trap Queen,2.0,2.0
Tove Lo,Talking Body,2.0,0.0
Beyoncé,7/11,2.0,1.0
Lana Del Rey,High By The Beach,1.0,0.0
Zara Larsson,Never Forget You,2.0,0.0
Jeremih,oui,2.0,1.0
Drake,Hotline Bling,1.0,1.0
Selena Gomez,Kill Em With Kindness,2.0,1.0
Birdy,Let It All Go,1.0,0.0
Fetty Wap,679 (feat. Remy Boyz),2.0,1.0
Ariana Grande,Love Me Harder,2.0,0.0
The Weeknd,Can't Feel My Face,2.0,1.0
SAYGRACE,You Don't Own Me (feat. G-Eazy),1.0,0.0
X Ambassadors,Renegades,2.0,1.0
R. City,Locked Away (feat. Adam Levine),2.0,1.0
Kygo,Stole the Show,1.0,1.0
Tame Impala,The Less I Know The Better,2.0,2.0
Selena Gomez,Good For You,2.0,0.0
Fetty Wap,My Way (feat. Monty),2.0,1.0
Hozier,Take Me To Church,1.0,1.0
Taylor Swift,Style,2.0,1.0
Alessia Cara,Here,2.0,1.0
Sam Smith,"Writing's On The Wall - From ""Spectre"" Soundtrack",0.0,0.0
David Guetta,Bang My Head (feat. Sia & Fetty Wap),2.0,1.0
Meek Mill,All Eyes on You (feat. Chris Brown & Nicki Minaj),1.0,0.0
Big Sean,I Don't Fuck With You,2.0,1.0
Kygo,Firestone,1.0,1.0
Drake,Jumpman,1.0,1.0
Petit Biscuit,Sunset Lover,1.0,0.0
Shawn Mendes,Stitches,2.0,2.0
Flo Rida,"I Don't Like It, I Love It (feat. Robin Thicke & Verdine White)",2.0,2.0
Selena Gomez,The Heart Wants What It Wants,2.0,1.0
Jack Ü,Where Are Ü Now (with Justin Bieber),2.0,0.0
Ellie Goulding,On My Mind,2.0,2.0
Bryson Tiller,Don't,1.0,0.0
Rich Homie Quan,"Flex (Ooh, Ooh, Ooh)",1.0,2.0
Joel Adams,Please Don't Go,2.0,0.0
Zedd,I Want You To Know,2.0,1.0
Jonas Blue,Fast Car,1.0,1.0
BØRNS,Electric Love,2.0,1.0
Sigala,Easy Love,2.0,1.0
Justin Bieber,Sorry,2.0,1.0
Ariana Grande,One Last Time,1.0,0.0
Little Mix,Black Magic,2.0,2.0
One Direction,Perfect,2.0,1.0
Years & Years,Shine,2.0,1.0
Meghan Trainor,Lips Are Movin,2.0,2.0
Nicky Jam,El Perdón - Forgiveness,2.0,1.0
The Weeknd,Starboy,1.0,1.0
Drake,One Dance,1.0,1.0
Justin Bieber,Love Yourself,1.0,1.0
The Chainsmokers,Closer,1.0,1.0
Adele,Hello,1.0,0.0
Desiigner,Panda,2.0,0.0
Burak Yeter,Tuesday (feat. Danelle Sandoval),1.0,2.0
Sia,Cheap Thrills (feat. Sean Paul),2.0,2.0
OneRepublic,Wherever I Go,2.0,1.0
Rihanna,Work,1.0,1.0
Coldplay,Hymn for the Weekend,2.0,1.0
Justin Bieber,Sorry,2.0,1.0
Justin Timberlake,"CAN'T STOP THE FEELING! (from DreamWorks Animation's ""TROLLS"")",2.0,2.0
WILLOW,Wait a Minute!,2.0,2.0
Desiigner,Tiimmy Turner,2.0,0.0
G-Eazy,"Me, Myself & I",2.0,1.0
David Guetta,This One's for You (feat. Zara Larsson) (Official Song UEFA EURO 2016),2.0,1.0
Astrid S,Hurts So Good,1.0,1.0
Lil Wayne,"Sucker for Pain (with Wiz Khalifa, Imagine Dragons, Logic & Ty Dolla $ign feat. X Ambassadors)",2.0,2.0
Twenty One Pilots,Heathens,1.0,1.0
Future,Low Life (feat. The Weeknd),0.0,0.0
Galantis,No Money,2.0,2.0
The Chainsmokers,Don't Let Me Down,2.0,1.0
Tinie Tempah,Girls Like (feat. Zara Larsson),2.0,1.0
Alok,Hear Me Now,1.0,1.0
Jon Bellion,All Time Low,1.0,1.0
Cheat Codes,Sex,2.0,0.0
Meghan Trainor,NO,2.0,1.0
Dua Lipa,Hotter Than Hell,2.0,1.0
Martin Garrix,In the Name of Love,1.0,0.0
Alan Walker,Faded,1.0,0.0
Tove Lo,Cool Girl,2.0,0.0
DJ Snake,Let Me Love You,2.0,0.0
Calvin Harris,This Is What You Came For (feat. Rihanna),2.0,1.0
Mike Posner,I Took A Pill In Ibiza - Seeb Remix,2.0,2.0
Kevin Gates,2 Phones,2.0,1.0
Rihanna,Needed Me,0.0,0.0
Ariana Grande,Side To Side,2.0,1.0
Marshmello,Alone,2.0,1.0
Shawn Mendes,I Know What You Did Last Summer,2.0,2.0
Selena Gomez,Same Old Love,1.0,1.0
Calvin Harris,My Way,2.0,1.0
Fitz and The Tantrums,HandClap,2.0,2.0
Twenty One Pilots,Ride,2.0,1.0
Flo Rida,My House,2.0,2.0
Ariana Grande,Dangerous Woman,1.0,0.0
Anne-Marie,Alarm,1.0,2.0
Charlie Puth,We Don't Talk Anymore (feat. Selena Gomez),1.0,1.0
AlunaGeorge,I'm In Control,2.0,2.0
Enrique Iglesias,DUELE EL CORAZON (feat. Wisin),2.0,2.0
MNEK,Never Forget You,2.0,0.0
Mike Perry,The Ocean (feat. Shy Martin),1.0,0.0
Drake,Hotline Bling,1.0,1.0
Ariana Grande,Into You,2.0,1.0
Shawn Mendes,Treat You Better,2.0,2.0
Tory Lanez,Say It,1.0,0.0
Coldplay,Adventure of a Lifetime,2.0,1.0
Kungs,This Girl - Kungs Vs. Cookin' On 3 Burners,2.0,1.0
SAYGRACE,You Don't Own Me (feat. G-Eazy),1.0,0.0
X Ambassadors,Renegades,2.0,1.0
DNCE,Cake By The Ocean,2.0,2.0
99 Souls,The Girl Is Mine,2.0,2.0
Illy,Papercuts (feat. Vera Blue),1.0,1.0
Kiiara,Gold,1.0,1.0
Kygo,Stole the Show,1.0,1.0
Fifth Harmony,Work from Home (feat. Ty Dolla $ign),1.0,1.0
Drake,Pop Style,1.0,0.0
ZAYN,PILLOWTALK,2.0,1.0
Alessia Cara,Here,2.0,0.0
DJ Snake,Middle,2.0,0.0
Sigala,Sweet Lovin' - Radio Edit,2.0,2.0
Drake,Jumpman,1.0,1.0
Charlie Puth,Dangerously,1.0,0.0
Nick Jonas,Close,1.0,1.0
Jonas Blue,Perfect Strangers,2.0,2.0
Major Lazer,Cold Water (feat. Justin Bieber & MØ),2.0,1.0
The Chainsmokers,Roses,2.0,1.0
Tory Lanez,LUV,1.0,0.0
P!nk,"Just Like Fire (From the Original Motion Picture ""Alice Through The Looking Glass"")",2.0,1.0
Bryson Tiller,Don't,1.0,0.0
Steve Aoki,Just Hold On,2.0,1.0
Clean Bandit,Tears (feat. Louisa Johnson),2.0,0.0
Jonas Blue,Fast Car,1.0,1.0
Flume,Never Be Like You,1.0,0.0
Bastille,Good Grief,2.0,2.0
Sia,The Greatest (feat. Kendrick Lamar),2.0,2.0
PARTYNEXTDOOR,Not Nice,1.0,2.0
Garrett Nash,"i hate u, i love u (feat. olivia o'brien)",0.0,0.0
Hilltop Hoods,1955,1.0,2.0
Fifth Harmony,All In My Head (Flex) (feat. Fetty Wap),2.0,2.0
Daya,"Sit Still, Look Pretty",2.0,1.0
Kent Jones,Don't Mind,2.0,2.0
Flume,Say It,1.0,0.0
Bryson Tiller,Exchange,1.0,0.0
MØ,Final Song,2.0,0.0
Beyoncé,Sorry,1.0,1.0
Little Mix,Shout Out to My Ex,2.0,2.0
The Lumineers,Ophelia,1.0,1.0
Frank Ocean,Pink + White,1.0,1.0
Drake,Too Good,1.0,1.0
Ed Sheeran,Shape of You,1.0,2.0
Sean Paul,No Lie,2.0,1.0
Luis Fonsi,Despacito (Featuring Daddy Yankee),2.0,2.0
Sam Smith,Too Good At Goodbyes,1.0,1.0
Clean Bandit,Rockabye (feat. Sean Paul & Anne-Marie),2.0,2.0
Camila Cabello,Havana (feat. Young Thug),1.0,1.0
Imagine Dragons,Thunder,2.0,0.0
Maroon 5,Don't Wanna Know (feat. Kendrick Lamar),1.0,1.0
The Chainsmokers,Something Just Like This,1.0,1.0
Ed Sheeran,Perfect,1.0,0.0
MGMT,Little Dark Age,2.0,1.0
Travis Scott,goosebumps,2.0,1.0
Billie Eilish,Bored,0.0,0.0
Future,Mask Off,1.0,0.0
G-Eazy,Him & I,2.0,0.0
Maroon 5,Cold (feat. Future),2.0,1.0
Rae Sremmurd,Swang,0.0,0.0
Lil Peep,Save That Shit,1.0,0.0
A$AP Ferg,Plain Jane,2.0,1.0
French Montana,Unforgettable,2.0,2.0
21 Savage,Bank Account,1.0,1.0
Axwell /\ Ingrosso,More Than You Know,2.0,1.0
ZAYN,Dusk Till Dawn (feat. Sia) - Radio Edit,1.0,0.0
J Balvin,Mi Gente,2.0,0.0
Jax Jones,You Don't Know Me - Radio Edit,2.0,2.0
Rae Sremmurd,Black Beatles,1.0,1.0
Zara Larsson,Ain't My Fault,2.0,1.0
Travis Scott,BUTTERFLY EFFECT,1.0,0.0
Ayo & Teo,Rolex,2.0,2.0
Lil Uzi Vert,XO Tour Llif3,2.0,1.0
Imagine Dragons,Whatever It Takes,1.0,1.0
Rob $tone,Chill Bill (feat. J. Davi$ & Spooks),1.0,0.0
Jason Derulo,Swalla (feat. Nicki Minaj & Ty Dolla $ign),2.0,2.0
G-Eazy,No Limit,2.0,1.0
Playboi Carti,Magnolia,1.0,1.0
Chord Overstreet,Hold On,1.0,0.0
Jax Jones,Breathe,2.0,2.0
Imagine Dragons,Believer,2.0,2.0
Natti Natasha,Criminal,2.0,2.0
Kendrick Lamar,HUMBLE.,1.0,1.0
Selena Gomez,Fetish (feat. Gucci Mane),1.0,0.0
Charlie Puth,Attention,1.0,2.0
Big Shaq,Man's Not Hot,2.0,1.0
Anne-Marie,Ciao Adios,2.0,1.0
Rag'n'Bone Man,Human,2.0,1.0
blackbear,do re mi,1.0,0.0
Lil Pump,Gucci Gang,1.0,2.0
Taylor Swift,Look What You Made Me Do,2.0,1.0
Enrique Iglesias,SUBEME LA RADIO (feat. Descemer Bueno & Zion & Lennox),2.0,1.0
Kodak Black,Tunnel Vision,1.0,0.0
Kendrick Lamar,DNA.,1.0,1.0
A Boogie Wit da Hoodie,Drowning (feat. Kodak Black),2.0,2.0
XXXTENTACION,Jocelyn Flores,1.0,1.0
Migos,Bad and Boujee (feat. Lil Uzi Vert),1.0,0.0
Yo Gotti,Rake It Up (feat. Nicki Minaj),1.0,1.0
Martin Garrix,Scared to Be Lonely,1.0,0.0
Jonas Blue,Mama,2.0,1.0
Martin Jensen,Solo Dance,2.0,1.0
Taylor Swift,...Ready For It?,2.0,1.0
David Guetta,2U (feat. Justin Bieber),1.0,1.0
Migos,Slippery (feat. Gucci Mane),2.0,2.0
Shawn Mendes,There's Nothing Holdin' Me Back,2.0,2.0
G-Eazy,Good Life (with G-Eazy & Kehlani),2.0,1.0
The Vamps,All Night,2.0,1.0
Dua Lipa,New Rules,2.0,1.0
Cardi B,Bodak Yellow,2.0,1.0
Rag'n'Bone Man,Skin,2.0,1.0
Zara Larsson,I Would Like,2.0,0.0
DJ Khaled,Wild Thoughts (feat. Rihanna & Bryson Tiller),2.0,1.0
Post Malone,Congratulations,2.0,1.0
Avicii,Without You (feat. Sandro Cavazza),2.0,0.0
Clean Bandit,Symphony (feat. Zara Larsson),1.0,1.0
Katy Perry,Chained To The Rhythm,2.0,1.0
Zay Hilfigerrr,Juju on That Beat (TZ Anthem),2.0,2.0
Calvin Harris,"Feels (feat. Pharrell Williams, Katy Perry & Big Sean)",2.0,2.0
Migos,T-Shirt,2.0,1.0
OneRepublic,Rich Love (with Seeb),2.0,1.0
Maggie Lindemann,Pretty Girl - Cheat Codes X CADE Remix,2.0,2.0
Macklemore,Glorious (feat. Skylar Grey),2.0,1.0
Hayden James,NUMB,1.0,1.0
Liam Payne,Strip That Down,1.0,1.0
Drake,Passionfruit,1.0,1.0
Justin Bieber,Friends (with BloodPop®),2.0,1.0
ZAYN,"I Don’t Wanna Live Forever (Fifty Shades Darker) - From ""Fifty Shades Darker (Original Motion Picture Soundtrack)""",1.0,0.0
Alessia Cara,Scars To Your Beautiful,2.0,1.0
2 Chainz,It's A Vibe,1.0,1.0
Starley,Call on Me - Ryan Riback Remix,2.0,2.0
AJR,Weak,1.0,2.0
Lana Del Rey,Lust for Life (with The Weeknd),2.0,0.0
CNCO,Reggaetón Lento (Remix),2.0,1.0
The Vamps,Middle Of The Night,2.0,1.0
The Weeknd,I Feel It Coming,2.0,1.0
The Chainsmokers,Paris,1.0,0.0
Big Sean,Bounce Back,1.0,0.0
Shawn Mendes,Mercy,2.0,1.0
Avicii,Lonely Together (feat. Rita Ora),1.0,0.0
Cheat Codes,No Promises (feat. Demi Lovato),2.0,1.0
Bruno Mars,24K Magic,2.0,1.0
Lorde,Homemade Dynamite - REMIX,1.0,0.0
Kygo,It Ain't Me (with Selena Gomez),1.0,1.0
Drake,God's Plan,1.0,1.0
Post Malone,rockstar (feat. 21 Savage),1.0,0.0
Offset,Ric Flair Drip (with Metro Boomin),1.0,0.0
G-Eazy,Him & I (with Halsey),2.0,0.0
Dynoro,In My Mind,2.0,0.0
Juice WRLD,Lucid Dreams,1.0,0.0
Zedd,The Middle,1.0,1.0
Marshmello,FRIENDS,2.0,1.0
Cardi B,I Like It,2.0,1.0
XXXTENTACION,Moonlight,1.0,2.0
Ariana Grande,no tears left to cry,2.0,1.0
Sheck Wes,Mo Bamba,1.0,0.0
Calvin Harris,One Kiss (with Dua Lipa),2.0,1.0
Tyga,Taste (feat. Offset),1.0,1.0
Travis Scott,SICKO MODE,2.0,1.0
Imagine Dragons,Natural,1.0,0.0
DJ Snake,"Taki Taki (with Selena Gomez, Ozuna & Cardi B)",2.0,1.0
Marshmello,Spotlight,2.0,1.0
The Weeknd,Pray For Me (with Kendrick Lamar),2.0,0.0
Billie Eilish,lovely (with Khalid),0.0,0.0
Migos,Walk It Talk It,1.0,1.0
Clean Bandit,Solo (feat. Demi Lovato),1.0,1.0
Drake,Nonstop,1.0,1.0
6ix9ine,FEFE,1.0,1.0
The Weeknd,Call Out My Name,1.0,0.0
Nio Garcia,Te Boté - Remix,2.0,1.0
Migos,MotorSport,1.0,0.0
Nicky Jam,X,2.0,2.0
XXXTENTACION,SAD!,1.0,1.0
Becky G,Sin Pijama,2.0,2.0
Machine Gun Kelly,"Home (with Machine Gun Kelly, X Ambassadors & Bebe Rexha)",2.0,0.0
6ix9ine,GUMMO,2.0,1.0
Jax Jones,Breathe,2.0,2.0
The Chainsmokers,Sick Boy,1.0,1.0
Jay Rock,"King's Dead (with Kendrick Lamar, Future & James Blake)",2.0,1.0
Rich The Kid,Plug Walk,1.0,0.0
Kendrick Lamar,All The Stars (with SZA),1.0,1.0
Logic,Everyday,2.0,1.0
Jason Derulo,Tip Toe (feat. French Montana),2.0,1.0
Ariana Grande,God is a woman,1.0,0.0
Rae Sremmurd,Powerglide (feat. Juicy J) - From SR3MM,2.0,1.0
EO,German,1.0,2.0
Dennis Lloyd,Nevermind,2.0,0.0
girl in red,we fell in love in october,1.0,0.0
Selena Gomez,Wolves,2.0,0.0
Tiësto,Jackie Chan,2.0,2.0
Tom Walker,Leave a Light On,1.0,0.0
Sofía Reyes,"1, 2, 3 (feat. Jason Derulo & De La Ghetto)",2.0,2.0
Marshmello,Silence,2.0,0.0
5 Seconds of Summer,Youngblood,2.0,0.0
Loud Luxury,Body (feat. brando),2.0,1.0
Liam Payne,For You (Fifty Shades Freed) (& Rita Ora),2.0,0.0
NF,Let You Down,2.0,1.0
XXXTENTACION,changes,0.0,1.0
Maluma,Corazón (feat. Nego do Borel),2.0,2.0
Cardi B,Bodak Yellow,2.0,1.0
Lil Baby,Yes Indeed,1.0,1.0
Jonas Blue,Rise,2.0,1.0
David Guetta,Flames,1.0,1.0
Ozuna,Vaina Loca,2.0,1.0
Charlie Puth,How Long,1.0,2.0
Post Malone,Better Now,1.0,1.0
BlocBoy JB,Look Alive (feat. Drake),1.0,1.0
Eminem,River (feat. Ed Sheeran),2.0,1.0
Marshmello,Happier,2.0,2.0
Dean Lewis,Be Alright,1.0,1.0
Charlie Puth,Done for Me (feat. Kehlani),1.0,2.0
Migos,Stir Fry,2.0,1.0
YG,"BIG BANK (feat. 2 Chainz, Big Sean, Nicki Minaj)",1.0,0.0
Drake,In My Feelings,1.0,1.0
B Young,Jumanji,1.0,1.0
Charlie Puth,The Way I Am,2.0,1.0
Reik,Me Niego (feat. Ozuna & Wisin),2.0,2.0
benny blanco,Eastside (with Halsey & Khalid),2.0,0.0
Luis Fonsi,Échame La Culpa,2.0,2.0
MK,17,2.0,2.0
Rita Ora,Anywhere,2.0,0.0
Banx & Ranx,Answerphone (feat. Yxng Bane),2.0,1.0
Ella Mai,Trip,1.0,1.0
Daddy Yankee,Dura,2.0,2.0
DJ Khaled,No Brainer,2.0,1.0
Anne-Marie,2002,2.0,1.0
Bruno Mars,Finesse - Remix; feat. Cardi B,2.0,2.0
FINNEAS,Let's Fall in Love for the Night,1.0,1.0
Hugh Jackman,The Greatest Show,2.0,1.0
Halsey,Bad At Love,2.0,1.0
Drake,I'm Upset,1.0,1.0
Camila Cabello,Never Be the Same,2.0,0.0
M.O,Bad Vibe,2.0,2.0
Dua Lipa,IDGAF,1.0,1.0
Cashmere Cat,Miss You (with Major Lazer & Tory Lanez),1.0,1.0
Bazzi,Mine,2.0,2.0
Lil Dicky,Freaky Friday (feat. Chris Brown),1.0,2.0
Lauv,I Like Me Better,1.0,1.0
The Chainsmokers,This Feeling,1.0,1.0
Maroon 5,Girls Like You (feat. Cardi B) - Cardi B Version,1.0,1.0
Khalid,Love Lies (with Normani),1.0,1.0
Drake,Nice For What,2.0,2.0
Kendrick Lamar,LOVE. FEAT. ZACARI.,1.0,2.0
Post Malone,Psycho (feat. Ty Dolla $ign),1.0,1.0
Lil Nas X,Old Town Road - Remix,1.0,1.0
Billie Eilish,bad guy,1.0,1.0
Shawn Mendes,Señorita,1.0,2.0
Ariana Grande,7 rings,0.0,0.0
Post Malone,Sunflower - Spider-Man: Into the Spider-Verse,1.0,2.0
Gesaffelstein,Lost in the Fire (feat. The Weeknd),2.0,0.0
Halsey,Without Me,1.0,1.0
Regard,Ride It,2.0,2.0
Lady Gaga,Shallow,1.0,0.0
Mark Ronson,Nothing Breaks Like a Heart (feat. Miley Cyrus),2.0,0.0
Lewis Capaldi,Someone You Loved,1.0,1.0
Jax Jones,All Day And Night,2.0,1.0
Mustard,Pure Water (with Migos),1.0,0.0
NLE Choppa,Shotta Flow (feat. Blueface) [Remix],1.0,1.0
Kodak Black,ZEZE (feat. Travis Scott & Offset),1.0,1.0
Daddy Yankee,Con Calma,2.0,1.0
Alec Benjamin,Let Me Down Slowly,1.0,1.0
BLACKPINK,Kill This Love,2.0,1.0
Offset,Clout (feat. Cardi B),1.0,1.0
MEDUZA,Piece Of Your Heart,2.0,1.0
Ed Sheeran,Antisocial (with Travis Scott),2.0,2.0
Travis Scott,SICKO MODE,2.0,1.0
Mabel,Mad Love,2.0,1.0
Lana Del Rey,Doin' Time,1.0,1.0
DJ Snake,"Taki Taki (feat. Selena Gomez, Ozuna & Cardi B)",2.0,1.0
A Boogie Wit da Hoodie,Look Back at It,1.0,1.0
Saweetie,My Type,2.0,1.0
Lil Tecca,Ransom,1.0,0.0
Russ Millions,Keisha & Becky - Remix,1.0,1.0
Billie Eilish,lovely (with Khalid),0.0,0.0
Mabel,Don't Call Me Up,2.0,0.0
Lil Nas X,Old Town Road,1.0,1.0
Meek Mill,Going Bad (feat. Drake),1.0,1.0
Post Malone,Wow.,1.0,1.0
Doja Cat,Juicy,1.0,1.0
A Boogie Wit da Hoodie,Swervin (feat. 6ix9ine),1.0,1.0
iann dior,emotions,1.0,0.0
Paulo Londra,Adan y Eva,2.0,2.0
Drake,Money In The Grave (Drake ft. Rick Ross),1.0,0.0
Lil Nas X,Panini,1.0,1.0
Bad Bunny,MIA (feat. Drake),1.0,0.0
Polo G,Pop Out (feat. Lil Tjay),1.0,0.0
Juice WRLD,Robbery,2.0,1.0
21 Savage,a lot,1.0,0.0
Young Thug,The London (feat. J. Cole & Travis Scott),1.0,0.0
Anuel AA,China,2.0,1.0
Camila Cabello,Liar,1.0,1.0
Flipp Dinero,Leave Me Alone,2.0,2.0
Cardi B,Money,1.0,0.0
Ariana Grande,"break up with your girlfriend, i'm bored",1.0,1.0
Dave,Location (feat. Burna Boy),1.0,1.0
Ava Max,Sweet but Psycho,2.0,1.0
Dua Lipa,Don't Start Now,2.0,2.0
Young T & Bugsey,Strike a Pose (feat. Aitch),1.0,1.0
Calvin Harris,Giant (with Rag'n'Bone Man),2.0,1.0
Ed Sheeran,Take Me Back to London (feat. Stormzy),2.0,1.0
Cardi B,Please Me,1.0,1.0
Stormzy,Vossi Bop,1.0,1.0
Tones And I,Dance Monkey,1.0,1.0
Ariana Grande,boyfriend (with Social House),2.0,2.0
Bad Bunny,Callaita,1.0,0.0
Ava Max,So Am I,1.0,1.0
Pedro Capó,Calma - Remix,2.0,2.0
J. Cole,MIDDLE CHILD,1.0,1.0
Lunay,Soltera - Remix,2.0,2.0
Khalid,Better,1.0,0.0
Blueface,Thotiana,1.0,1.0
DaBaby,Suge,1.0,2.0
AJ Tracey,Ladbroke Grove,2.0,2.0
Billie Eilish,bury a friend,1.0,0.0
BTS,Boy With Luv (feat. Halsey),2.0,2.0
Wiley,Boasty (feat. Idris Elba),2.0,1.0
Jonas Brothers,Only Human,1.0,2.0
5 Seconds of Summer,Easier,1.0,1.0
Avicii,SOS (feat. Aloe Blacc),1.0,1.0
"Tyler, The Creator",EARFQUAKE,1.0,1.0
Ashley O,On A Roll,2.0,1.0
Dominic Fike,3 Nights,1.0,2.0
Sigala,Wish You Well,2.0,1.0
Megan Thee Stallion,Hot Girl Summer (feat. Nicki Minaj & Ty Dolla $ign),2.0,1.0
Anuel AA,Secreto,2.0,2.0
Sam Feldt,Post Malone (feat. RANI),1.0,1.0
Kehlani,Nights Like This (feat. Ty Dolla $ign),2.0,0.0
Sech,Otro Trago,2.0,1.0
Post Malone,Better Now,1.0,1.0
Ed Sheeran,Cross Me (feat. Chance the Rapper & PnB Rock),2.0,1.0
Lauv,i'm so tired...,2.0,1.0
iann dior,gone girl,2.0,1.0
Panic! At The Disco,High Hopes,2.0,2.0
Marshmello,One Thing Right,1.0,1.0
Sam Smith,How Do You Sleep?,2.0,1.0
NSG,Options,1.0,2.0
Normani,Motivation,2.0,2.0
Joel Corry,Sorry,2.0,2.0
Post Malone,Goodbyes (Feat. Young Thug),1.0,0.0
Jonas Brothers,Sucker,2.0,2.0
Taylor Swift,Cruel Summer,2.0,1.0
Blanco Brown,The Git Up,2.0,2.0
Sam Smith,Dancing With A Stranger (with Normani),1.0,1.0
Post Malone,Circles,2.0,1.0
